id,date,theme,text,category,summary,sentiment,severity,churn_risk,root_cause,recommendation
467,2025-01-01,Нет ответа,"Пишу в поддержку уже второй день, никто не отвечает. Надеюсь, вопрос получится быстро решить.",Поддержка,Отсутствие ответа в поддержке,negative,2,medium,Отсутствие ответа в поддержке,Увеличить частоту ответов в поддержке
95,2025-01-02,Возврат товара,"Хочу вернуть товар, но не понимаю, как оформить возврат. Очень недоволен этой ситуацией.",Возвраты,Сложность оформления возврата,negative,2,medium,не понимает как оформить возврат,Упростить процесс оформления возврата
647,2025-01-02,История заказов,"В личном кабинете пропала история моих заказов. Хотелось бы понять, что делать дальше.",Личный кабинет,Проблема отсутствия истории заказов,negative,2,low,,Проверить базу данных заказов
735,2025-01-03,Скидка,Обещанная скидка не применилась при оформлении заказа.,Цена,Скидка не применилась при оформлении заказа,negative,2,medium,неизвестно,Проверить условия применения скидки
913,2025-01-04,Изменилась цена,"В корзине цена товара оказалась выше, чем на странице товара.",Цена,Неправильная цена в корзине,negative,2,low,,Проверить синхронизацию цен в корзине
915,2025-01-05,Чек,Не получил электронный чек после покупки. Поддержка тоже не помогла.,Документы,Отсутствие электронного чека после покупки,negative,2,low,,Проверить автоматическую отправку чеков
859,2025-01-05,Нет ответа,"Пишу в поддержку уже второй день, никто не отвечает. Хотелось бы понять, что делать дальше.",Поддержка,Отсутствие ответа в поддержке,negative,3,medium,Отсутствие ответа в поддержке,Увеличить автоматизацию ответов в поддержке
88,2025-01-05,Корзина,"Добавляю товар в корзину, но он сразу исчезает. Если вопрос не решится, больше у вас покупать не буду.",Мобильное приложение,"Текст короткий и понятный, но нужно убрать лишнее. В тексте клиент говорит, что товар исчезает из корзины после добавления. Нужно создать название проблемы в 3-7 словах без слов 'клиент', 'пользователь', 'человек'. Примеры: 'Ошибка оплаты банковской картой' — 4 слова, 'Сложность оформления возврата' — 4 слова, 'Проблема поиска адреса доставки' — ... В данном случае проблема — товар исчезает из корзины после добавления. Можно назвать как 'Товар исчезает из корзины' — 5 слов. Но нужно проверить, не слишком ли длинно. Или 'Проблема добавления товара в корзину' — 5 слов. Но в примерах использованы краткие формулировки. В примере 'Ошибка оплаты банковской картой' — это проблема с оплатой, а здесь проблема с добавлением товара в корзину. Возможно, лучше 'Товар исчезает после добавления в корзину' — 6 слов. Но в тексте клиент говорит ",negative,5,high,,Проверить логику добавления товара в корзину
889,2025-01-06,Курьер,Курьер не приехал в назначенное время и не позвонил. Прошу помочь разобраться.,Доставка,Отсутствие уведомления о доставке,negative,2,low,Отсутствие уведомления курьера,Установить автоматизированное уведомление о доставке
872,2025-01-07,Счет,Не могу получить счет на заказ.,Документы,Отсутствие счета на заказ,negative,2,low,,Ускорить генерацию счетов
209,2025-01-07,Долгое ожидание,"Очень долго ждал ответа оператора. Хотелось бы понять, что делать дальше.",Поддержка,Долгое ожидание ответа,negative,2,low,,Увеличить лимит одновременных консультаций
677,2025-01-08,Двойное списание,С карты дважды списали деньги за один заказ. Это уже не первый раз.,Оплата,Двойное списание заказа,negative,4,medium,,Проверить систему двойного списания
652,2025-01-09,Ошибка оплаты,"Не могу оплатить заказ банковской картой, постоянно появляется ошибка.",Оплата,Ошибка оплаты банковской картой,negative,2,low,,Проверить интеграцию банковской карты
568,2025-01-09,Отказ в возврате,Мне отказали в возврате товара без понятного объяснения.,Возвраты,Отказ в возврате без объяснения,negative,3,medium,,Уточнить причины отказа возврата
196,2025-01-09,Задержка доставки,"Жду заказ уже несколько дней дольше обещанного срока. Подскажите, пожалуйста, как решить эту проблему.",Доставка,Задержка доставки,negative,3,medium,,Уточнить причины задержки и уведомить клиента о планах по исправлению
167,2025-01-10,Авторизация,Не могу войти в личный кабинет.,Личный кабинет,Проблема входа в личный кабинет,negative,2,low,,Проверить доступ к личному кабинету
954,2025-01-10,Документы,В документах к заказу указаны неверные данные.,Документы,Неверные данные в документах заказа,negative,2,low,,Проверить данные в документах заказа
236,2025-01-11,Документы,В документах к заказу указаны неверные данные. Прошу срочно решить проблему.,Документы,Неверные данные в документах заказа,negative,3,medium,,Проверить данные заказа и исправить ошибки
170,2025-01-11,Нет ответа,"Пишу в поддержку уже второй день, никто не отвечает.",Поддержка,Отсутствие ответа в поддержке,negative,3,medium,Отсутствие ответа в поддержке,Увеличить автоматизацию ответов в поддержке
995,2025-01-11,Ошибка оплаты,"Не могу оплатить заказ банковской картой, постоянно появляется ошибка.",Оплата,Ошибка оплаты банковской картой,negative,2,low,,Проверить интеграцию банковской карты
972,2025-01-12,Задержка доставки,Жду заказ уже несколько дней дольше обещанного срока. Поддержка тоже не помогла.,Доставка,Задержка доставки,negative,3,medium,,Ускорить обработку заказов
548,2025-01-12,Адрес доставки,"Курьер сообщил, что не может найти мой адрес. Прошу помочь разобраться.",Доставка,Проблема поиска адреса доставки,negative,2,low,,Проверить корректность адреса в системе
296,2025-01-12,Документы,"В документах к заказу указаны неверные данные. Подскажите, пожалуйста, как решить эту проблему.",Документы,Неверные данные в документах заказа,neutral,2,low,,Проверить данные заказа
776,2025-01-13,Поврежденный товар,"Товар приехал поврежденным и пользоваться им невозможно. Подскажите, пожалуйста, как решить эту проблему.",Качество товара,Поврежденный товар,negative,4,medium,Поврежденный товар при получении,Организовать замену поврежденного товара
111,2025-01-13,Ошибка приложения,Приложение зависает при оформлении заказа.,Мобильное приложение,Зависание при оформлении заказа,negative,2,medium,,Оптимизировать процесс оформления заказа
453,2025-01-14,Возврат денег,"Товар вернул неделю назад, а деньги еще не поступили. Прошу помочь разобраться.",Возвраты,Задержка возврата средств,negative,2,medium,,Проверить статус возврата в системе
532,2025-01-15,Повреждение,Заказ приехал с поврежденной упаковкой.,Доставка,Поврежденная упаковка при доставке,negative,2,low,,Проверить качество упаковки перед доставкой
999,2025-01-16,Несоответствие,Товар совсем не соответствует описанию на сайте.,Качество товара,Несоответствие товара описанию,negative,3,medium,,Проверить описания товаров на соответствие реальному товару
169,2025-01-16,Изменилась цена,"В корзине цена товара оказалась выше, чем на странице товара. Прошу срочно решить проблему.",Цена,Неправильная цена в корзине,negative,3,medium,,Проверить синхронизацию цен в корзине
4,2025-01-16,Задержка доставки,Жду заказ уже несколько дней дольше обещанного срока. Прошу помочь разобраться.,Доставка,Задержка доставки,negative,3,medium,,Проверить логистику и уточнить сроки доставки
958,2025-01-16,Скидка,Обещанная скидка не применилась при оформлении заказа.,Цена,Скидка не применилась при оформлении заказа,negative,2,medium,неизвестно,Проверить условия применения скидки
23,2025-01-17,Списание бонусов,Не получается использовать накопленные бонусы при оплате.,Бонусная программа,Проблема использования бонусов при оплате,negative,2,medium,,Проверить интеграцию бонусной системы с платежной системой
54,2025-01-17,Не начислены бонусы,За покупку не начислили обещанные бонусы. Прошу помочь разобраться.,Бонусная программа,Не начислены бонусы,negative,2,medium,,Проверить систему начисления бонусов
719,2025-01-17,Курьер,Курьер не приехал в назначенное время и не позвонил.,Доставка,Отсутствие уведомления о доставке,negative,2,low,Отсутствие уведомления о доставке,Улучшить систему уведомлений курьера
817,2025-01-17,Поврежденный товар,Товар приехал поврежденным и пользоваться им невозможно. Прошу срочно решить проблему.,Качество товара,Поврежденный товар,negative,5,high,,Исправить повреждение и отправить новый товар
603,2025-01-19,Счет,Не могу получить счет на заказ. Поддержка тоже не помогла.,Документы,Отсутствие счета на заказ,negative,2,low,,Проверить автоматическую генерацию счетов
270,2025-01-19,Повреждение,Заказ приехал с поврежденной упаковкой.,Доставка,Поврежденная упаковка при доставке,negative,2,low,,Проверить качество упаковки перед доставкой
605,2025-01-20,Повреждение,"Заказ приехал с поврежденной упаковкой. Надеюсь, вопрос получится быстро решить.",Доставка,Поврежденная упаковка при доставке,neutral,2,low,Поврежденная упusing,Проверить качество упаковки перед доставкой
562,2025-01-20,Курьер,Курьер не приехал в назначенное время и не позвонил. Поддержка тоже не помогла.,Доставка,Отсутствие уведомления о доставке,negative,2,low,,Улучшить систему уведомлений курьера
109,2025-01-20,Не начислены бонусы,За покупку не начислили обещанные бонусы.,Бонусная программа,Не начислены бонусы,negative,2,medium,,Проверить систему начисления бонусов
457,2025-01-20,Ошибка оплаты,"Платеж отклоняется, хотя с картой все в порядке. Это уже не первый раз.",Оплата,Ошибка оплаты банковской картой,negative,3,medium,,Проверить систему оплаты на ошибки
877,2025-01-21,Скидка,Обещанная скидка не применилась при оформлении заказа. Прошу помочь разобраться.,Цена,Не применена обещанная скидка,negative,2,medium,,Проверить условия применения скидки
674,2025-01-21,Изменилась цена,"В корзине цена товара оказалась выше, чем на странице товара. Поддержка тоже не помогла.",Цена,Неправильная цена в корзине,negative,2,low,,Проверить синхронизацию цен в корзине
944,2025-01-22,Изменилась цена,"В корзине цена товара оказалась выше, чем на странице товара.",Цена,Неправильная цена в корзине,negative,2,low,,Проверить синхронизацию цен в корзине
392,2025-01-22,Поврежденный товар,"Товар приехал поврежденным и пользоваться им невозможно. Если вопрос не решится, больше у вас покупать не буду.",Качество товара,Поврежденный товар неиспользуемый,negative,5,high,,Исправить поврежденный товар
416,2025-01-22,Несоответствие,Товар совсем не соответствует описанию на сайте. Очень недоволен этой ситуацией.,Качество товара,Несоответствие товара описанию,negative,4,medium,Несоответствие товара описанию,Проверить описания товаров на соответствие реальному товару
814,2025-01-22,История заказов,В личном кабинете пропала история моих заказов. Прошу помочь разобраться.,Личный кабинет,Проблема отсутствия истории заказов,negative,2,low,,Проверить базу данных заказов
589,2025-01-22,Ошибка оплаты,"Не могу оплатить заказ банковской картой, постоянно появляется ошибка.",Оплата,Ошибка оплаты банковской картой,negative,2,low,,Проверить интеграцию банковской карты
119,2025-01-23,Ошибка приложения,После обновления приложение перестало запускаться. Прошу помочь разобраться.,Мобильное приложение,Приложение не запускается после обновления,negative,2,low,,Проверить стабильность обновления
781,2025-01-23,Не начислены бонусы,За покупку не начислили обещанные бонусы.,Бонусная программа,Не начислены бонусы,negative,2,medium,,Проверить систему начисления бонусов
655,2025-01-23,Возврат товара,"Хочу вернуть товар, но не понимаю, как оформить возврат. Прошу помочь разобраться.",Возвраты,Сложность оформления возврата,negative,2,low,неизвестно,Упростить процесс оформления возврата
900,2025-01-24,Поврежденный товар,"Товар приехал поврежденным и пользоваться им невозможно. Если вопрос не решится, больше у вас покупать не буду.",Качество товара,Поврежденный товар неиспользуемый,negative,5,high,,Исправить поврежденный товар
717,2025-01-24,Промокод,"Промокод указан как действующий, но система его не принимает. Если вопрос не решится, больше у вас покупать не буду.",Цена,Проблема активации промокода,negative,5,high,,Проверить корректность промокода в системе
65,2025-01-26,Ошибка приложения,После обновления приложение перестало запускаться.,Мобильное приложение,Приложение не запускается после обновления,negative,2,low,,Проверить стабильность обновления приложения
164,2025-01-26,Возврат денег,Деньги после отмены заказа до сих пор не вернулись.,Оплата,Отсутствие возврата после отмены заказа,negative,3,medium,,Ускорить обработку возвратов после отмены заказа
594,2025-01-26,Авторизация,"Не могу войти в приложение, постоянно выбрасывает на экран входа. Очень недоволен этой ситуацией.",Мобильное приложение,Ошибка авторизации,negative,4,high,,Проверить работу аутентификации
364,2025-01-27,Документы,В документах к заказу указаны неверные данные.,Документы,Неверные данные в документах заказа,negative,2,low,,Проверить данные в документах заказа
60,2025-01-28,Ошибка приложения,После обновления приложение перестало запускаться.,Мобильное приложение,Приложение не запускается после обновления,negative,2,low,,Проверить стабильность обновления приложения
207,2025-01-28,Качество поддержки,Оператор не смог решить мой вопрос и просто переключал меня между отделами.,Поддержка,Переключения между отделами,negative,3,medium,,Улучшить координацию между отделами
634,2025-01-29,Несоответствие,"Товар совсем не соответствует описанию на сайте. Подскажите, пожалуйста, как решить эту проблему.",Качество товара,Несоответствие товара описанию,negative,3,medium,,Проверить соответствие товара описанию
968,2025-01-29,Двойное списание,С карты дважды списали деньги за один заказ.,Оплата,Двойное списание заказа,negative,5,high,,Проверить систему списаний
412,2025-01-30,Возврат денег,"Товар вернул неделю назад, а деньги еще не поступили.",Возвраты,Задержка возврата средств,negative,2,medium,,Ускорить обработку возвратов
71,2025-01-30,Качество поддержки,Оператор не смог решить мой вопрос и просто переключал меня между отделами.,Поддержка,Переключения между отделами,negative,3,medium,,Улучшить координацию между отделами
44,2025-01-30,Ошибка оплаты,"Не могу оплатить заказ банковской картой, постоянно появляется ошибка.",Оплата,Ошибка оплаты банковской картой,negative,2,low,,Проверить интеграцию банковской карты
74,2025-01-30,Чек,Не получил электронный чек после покупки. Прошу срочно решить проблему.,Документы,Отсутствие электронного чека после покупки,negative,3,medium,,Проверить систему генерации чеков
695,2025-01-31,Брак,Получил товар с явным браком. Прошу срочно решить проблему.,Качество товара,Брак товара,negative,5,high,,Исправить брак и вернуть деньги
951,2025-02-01,Адрес доставки,"Курьер сообщил, что не может найти мой адрес.",Доставка,Проблема поиска адреса доставки,negative,2,low,,Проверить точность данных в системе доставки
153,2025-02-01,Ошибка оплаты,"Платеж отклоняется, хотя с картой все в порядке. Подскажите, пожалуйста, как решить эту проблему.",Оплата,Ошибка оплаты банковской картой,neutral,2,low,,Проверить данные карты на сервере
331,2025-02-01,Возврат товара,"Хочу вернуть товар, но не понимаю, как оформить возврат.",Возвраты,Сложность оформления возврата,negative,2,low,не понимает как оформить возврат,Упростить процесс оформления возврата
578,2025-02-01,Авторизация,"Не могу войти в приложение, постоянно выбрасывает на экран входа. Прошу помочь разобраться.",Мобильное приложение,Ошибка входа в приложение,negative,2,low,,Проверить аутентификацию на сервере
464,2025-02-02,Адрес доставки,"Курьер сообщил, что не может найти мой адрес. Надеюсь, вопрос получится быстро решить.",Доставка,Проблема поиска адреса доставки,neutral,2,low,,Проверить актуальность адреса в системе доставки
51,2025-02-02,Отказ в возврате,Мне отказали в возврате товара без понятного объяснения. Прошу помочь разобраться.,Возвраты,Отказ в возврате без объяснения,negative,2,medium,,Уточнить причины отказа в возврате
344,2025-02-02,Поврежденный товар,Товар приехал поврежденным и пользоваться им невозможно. Прошу помочь разобраться.,Качество товара,Поврежденный товар,negative,4,medium,,Проверить логистику и упаковку
319,2025-02-02,Долгое ожидание,"Очень долго ждал ответа оператора. Если вопрос не решится, больше у вас покупать не буду.",Поддержка,Долгое ожидание ответа,negative,5,high,непонимание времени ожидания,Ускорить обработку запросов
24,2025-02-03,Возврат денег,Деньги после отмены заказа до сих пор не вернулись.,Оплата,Отсутствие возврата после отмены заказа,negative,3,medium,,Ускорить обработку возвратов после отмены заказа
942,2025-02-03,Адрес доставки,"Курьер сообщил, что не может найти мой адрес. Поддержка тоже не помогла.",Доставка,Проблема поиска адреса доставки,negative,2,low,,Проверить точность данных в системе доставки
473,2025-02-04,Отказ в возврате,Мне отказали в возврате товара без понятного объяснения. Очень недоволен этой ситуацией.,Возвраты,Отказ в возврате без объяснения,negative,3,medium,,Уточнить причины отказа возврата
260,2025-02-05,Ошибка оплаты,"Платеж отклоняется, хотя с картой все в порядке.",Оплата,Ошибка оплаты банковской картой,negative,2,low,,Проверить систему оплаты на ошибки
640,2025-02-05,Счет,Не могу получить счет на заказ.,Документы,Отсутствие счета на заказ,negative,2,low,,Ускорить генерацию счетов
85,2025-02-05,Скидка,Обещанная скидка не применилась при оформлении заказа.,Цена,Скидка не применилась при оформлении заказа,negative,2,medium,неизвестно,Проверить условия применения скидки
82,2025-02-07,Повреждение,"Заказ приехал с поврежденной упаковкой. Надеюсь, вопрос получится быстро решить.",Доставка,Поврежденная упаковка при доставке,neutral,2,low,Поврежденная упusing,Проверить качество упаковки перед доставкой
411,2025-02-07,Ошибка оплаты,"Платеж отклоняется, хотя с картой все в порядке.",Оплата,Ошибка оплаты банковской картой,negative,2,low,,Проверить систему оплаты на ошибки
509,2025-02-07,Несоответствие,"Товар совсем не соответствует описанию на сайте. Хотелось бы понять, что делать дальше.",Качество товара,Несоответствие товара описанию,negative,2,medium,,Проверить соответствие товара описанию на сайте
732,2025-02-07,Задержка доставки,"Жду заказ уже несколько дней дольше обещанного срока. Подскажите, пожалуйста, как решить эту проблему.",Доставка,Задержка доставки,negative,3,medium,,Уточнить причины задержки и уведомить клиента о планах по исправлению
64,2025-02-08,Несоответствие,Товар совсем не соответствует описанию на сайте.,Качество товара,Несоответствие товара описанию,negative,3,medium,,Проверить описания товаров на соответствие реальному товару
221,2025-02-08,Адрес доставки,"Курьер сообщил, что не может найти мой адрес. Хотелось бы понять, что делать дальше.",Доставка,Проблема поиска адреса доставки,neutral,2,low,,Проверить точность адреса в системе
98,2025-02-08,Промокод,"Промокод указан как действующий, но система его не принимает. Если вопрос не решится, больше у вас покупать не буду.",Цена,Проблема активации промокода,negative,5,high,,Проверить корректность промокода в системе
997,2025-02-08,Нет ответа,"Пишу в поддержку уже второй день, никто не отвечает.",Поддержка,Отсутствие ответа в поддержке,negative,3,medium,Отсутствие ответа в поддержке,Увеличить автоматизацию ответов в поддержке
726,2025-02-08,Отказ в возврате,"Мне отказали в возврате товара без понятного объяснения. Надеюсь, вопрос получится быстро решить.",Возвраты,Отказ в возврате без объяснения,neutral,2,low,,Уточнить причины отказа возврата
274,2025-02-08,Поврежденный товар,Товар приехал поврежденным и пользоваться им невозможно.,Качество товара,Поврежденный товар,negative,5,high,,Исправить доставку и проверку товара
435,2025-02-09,Ошибка оплаты,"Не могу оплатить заказ банковской картой, постоянно появляется ошибка. Прошу помочь разобраться.",Оплата,Ошибка оплаты банковской картой,negative,2,low,,Проверить подключение карты в системе оплаты
904,2025-02-09,Нет ответа,"Пишу в поддержку уже второй день, никто не отвечает. Прошу помочь разобраться.",Поддержка,Отсутствие ответа в поддержке,negative,3,medium,Отсутствие ответа в поддержке,Увеличить автоматизированную проверку ответов
393,2025-02-09,Пропали бонусы,"Из личного кабинета исчезли мои бонусные баллы. Подскажите, пожалуйста, как решить эту проблему.",Бонусная программа,Бонусные баллы исчезли,negative,3,medium,,Проверить личный кабинет на наличие баллов
399,2025-02-10,Возврат денег,"Товар вернул неделю назад, а деньги еще не поступили. Это уже не первый раз.",Возвраты,Задержка возврата средств,negative,3,medium,неправильная обработка возврата,Ускорить обработку возвратов
491,2025-02-10,Возврат денег,Деньги после отмены заказа до сих пор не вернулись.,Оплата,Отсутствие возврата после отмены заказа,negative,3,medium,,Ускорить обработку возвратов после отмены заказа
671,2025-02-10,Скидка,Обещанная скидка не применилась при оформлении заказа.,Цена,Скидка не применилась при оформлении заказа,negative,2,medium,неизвестно,Проверить условия применения скидки
350,2025-02-11,Двойное списание,С карты дважды списали деньги за один заказ.,Оплата,Двойное списание заказа,negative,5,high,,Проверить систему списаний
427,2025-02-11,Нет ответа,"Пишу в поддержку уже второй день, никто не отвечает. Если вопрос не решится, больше у вас покупать не буду.",Поддержка,Отсутствие ответа в поддержке,negative,5,high,Отсутствие ответа в поддержке,Увеличить автоматизацию ответов в поддержке
220,2025-02-11,Задержка доставки,Жду заказ уже несколько дней дольше обещанного срока. Прошу помочь разобраться.,Доставка,Задержка доставки,negative,3,medium,,Проверить логистику и уточнить сроки доставки
233,2025-02-11,Долгое ожидание,Очень долго ждал ответа оператора. Это уже не первый раз.,Поддержка,Долгое ожидание ответа,negative,2,medium,,Увеличить количество операторов
450,2025-02-12,История заказов,"В личном кабинете пропала история моих заказов. Хотелось бы понять, что делать дальше.",Личный кабинет,Проблема отсутствия истории заказов,negative,2,low,,Проверить базу данных заказов
379,2025-02-13,Изменилась цена,"В корзине цена товара оказалась выше, чем на странице товара.",Цена,Неправильная цена в корзине,negative,2,low,,Проверить синхронизацию цен в корзине
921,2025-02-13,Качество поддержки,Оператор не смог решить мой вопрос и просто переключал меня между отделами.,Поддержка,Переключения между отделами,negative,3,medium,,Улучшить координацию между отделами
193,2025-02-13,Ошибка оплаты,"Платеж отклоняется, хотя с картой все в порядке. Хотелось бы понять, что делать дальше.",Оплата,Ошибка оплаты банковской картой,negative,2,low,,Проверить данные карты и транзакцию
777,2025-02-13,Задержка доставки,Жду заказ уже несколько дней дольше обещанного срока.,Доставка,Задержка доставки,negative,3,medium,,Ускорить обработку заказов
187,2025-02-14,Ошибка оплаты,"Платеж отклоняется, хотя с картой все в порядке.",Оплата,Ошибка оплаты банковской картой,negative,2,low,,Проверить систему оплаты на ошибки
510,2025-02-14,Списание бонусов,Не получается использовать накопленные бонусы при оплате. Очень недоволен этой ситуацией.,Бонусная программа,Ошибка использования бонусов при оплате,negative,3,medium,,Проверить интеграцию бонусной программы с платежной системой
908,2025-02-14,Нет ответа,"Пишу в поддержку уже второй день, никто не отвечает.",Поддержка,Отсутствие ответа в поддержке,negative,3,medium,Отсутствие ответа в поддержке,Увеличить автоматизацию ответов в поддержке
818,2025-02-14,Брак,Получил товар с явным браком. Поддержка тоже не помогла.,Качество товара,Брак товара,negative,4,high,,Проверить качество поставок
855,2025-02-15,Авторизация,Не могу войти в личный кабинет.,Личный кабинет,Проблема входа в личный кабинет,negative,2,low,,Проверить доступ к личному кабинету
986,2025-02-15,Пропали бонусы,Из личного кабинета исчезли мои бонусные баллы. Очень недоволен этой ситуацией.,Бонусная программа,Бонусные баллы исчезли,negative,3,medium,,Проверить систему учета баллов
280,2025-02-16,Брак,Получил товар с явным браком. Поддержка тоже не помогла.,Качество товара,Брак товара,negative,4,high,,Проверить качество поставок
313,2025-02-16,Авторизация,Не могу войти в личный кабинет.,Личный кабинет,Проблема входа в личный кабинет,negative,2,low,,Проверить доступ к личному кабинету
633,2025-02-16,Скидка,Обещанная скидка не применилась при оформлении заказа. Поддержка тоже не помогла.,Цена,Не применена обещанная скидка,negative,2,medium,,Проверить условия применения скидки
834,2025-02-17,История заказов,В личном кабинете пропала история моих заказов. Очень недоволен этой ситуацией.,Личный кабинет,Проблема отсутствия истории заказов,negative,3,medium,,Проверить базу данных заказов
10,2025-02-17,Возврат денег,"Товар вернул неделю назад, а деньги еще не поступили. Прошу срочно решить проблему.",Возвраты,Задержка возврата средств,negative,4,high,Неизвестно,Ускорить обработку возвратов
254,2025-02-17,Ошибка оплаты,"Не могу оплатить заказ банковской картой, постоянно появляется ошибка. Хотелось бы понять, что делать дальше.",Оплата,Ошибка оплаты банковской картой,negative,2,low,,Проверить подключение карты в системе
529,2025-02-17,Брак,"Получил товар с явным браком. Надеюсь, вопрос получится быстро решить.",Качество товара,Брак товара,neutral,2,low,,Проверить качество поставок
850,2025-02-18,Адрес доставки,"Курьер сообщил, что не может найти мой адрес.",Доставка,Проблема поиска адреса доставки,negative,2,low,,Проверить точность данных в системе доставки
357,2025-02-18,Возврат денег,Деньги после отмены заказа до сих пор не вернулись. Очень недоволен этой ситуацией.,Оплата,Ожидание возврата после отмены заказа,negative,4,high,,Ускорить обработку возвратов после отмены заказа
559,2025-02-19,Возврат денег,"Товар вернул неделю назад, а деньги еще не поступили. Прошу помочь разобраться.",Возвраты,Задержка возврата средств,negative,2,medium,,Проверить статус возврата в системе
302,2025-02-19,Промокод,"Промокод указан как действующий, но система его не принимает.",Цена,Проблема с действующим промокодом,negative,2,low,,Проверить валидность промокода в системе
683,2025-02-20,Пропали бонусы,"Из личного кабинета исчезли мои бонусные баллы. Хотелось бы понять, что делать дальше.",Бонусная программа,Бонусные баллы исчезли,negative,3,medium,,Проверить личный кабинет на наличие баллов
83,2025-02-21,Задержка доставки,Жду заказ уже несколько дней дольше обещанного срока. Прошу помочь разобраться.,Доставка,Задержка доставки,negative,3,medium,,Проверить логистику и уточнить сроки доставки
975,2025-02-21,Возврат денег,"Товар вернул неделю назад, а деньги еще не поступили.",Возвраты,Задержка возврата средств,negative,2,medium,,Ускорить обработку возвратов
271,2025-02-21,Скидка,Обещанная скидка не применилась при оформлении заказа.,Цена,Скидка не применилась при оформлении заказа,negative,2,medium,неизвестно,Проверить условия применения скидки
449,2025-02-22,Ошибка приложения,После обновления приложение перестало запускаться.,Мобильное приложение,Приложение не запускается после обновления,negative,2,low,,Проверить стабильность обновления приложения
103,2025-02-22,Отказ в возврате,"Мне отказали в возврате товара без понятного объяснения. Если вопрос не решится, больше у вас покупать не буду.",Возвраты,Отказ в возврате без объяснения,negative,5,high,,Уточнить причины отказа в возврате
791,2025-02-22,Профиль,Не получается изменить номер телефона в профиле.,Личный кабинет,Ошибка изменения номера телефона,negative,2,low,,Проверить доступ к профилю
403,2025-02-22,Задержка доставки,Жду заказ уже несколько дней дольше обещанного срока.,Доставка,Задержка доставки,negative,3,medium,,Ускорить обработку заказов
39,2025-02-24,Скидка,Обещанная скидка не применилась при оформлении заказа. Прошу срочно решить проблему.,Цена,Скидка не применилась при оформлении,negative,3,medium,неизвестно,Проверить условия применения скидки
398,2025-02-24,Ошибка оплаты,"Платеж отклоняется, хотя с картой все в порядке. Прошу помочь разобраться.",Оплата,Ошибка оплаты банковской картой,negative,2,low,,Проверить данные карты и транзакцию
606,2025-02-24,Скидка,Обещанная скидка не применилась при оформлении заказа.,Цена,Скидка не применилась при оформлении заказа,negative,2,medium,неизвестно,Проверить условия применения скидки
749,2025-02-24,Задержка доставки,"Заказ должен был приехать вчера, но курьер так и не приехал. Подскажите, пожалуйста, как решить эту проблему.",Доставка,Задержка курьера,negative,2,low,,Уточнить статус доставки
139,2025-02-24,Авторизация,Не могу войти в личный кабинет.,Личный кабинет,Проблема входа в личный кабинет,negative,2,low,,Проверить доступ к личному кабинету
367,2025-02-25,Отказ в возврате,Мне отказали в возврате товара без понятного объяснения.,Возвраты,Отказ в возврате без объяснения,negative,3,medium,,Уточнить причины отказа возврата
175,2025-02-25,Долгое ожидание,"Очень долго ждал ответа оператора. Надеюсь, вопрос получится быстро решить.",Поддержка,Долгое ожидание ответа,neutral,2,low,,Оптимизировать время ответа операторов
349,2025-02-25,Поврежденный товар,Товар приехал поврежденным и пользоваться им невозможно.,Качество товара,Поврежденный товар,negative,5,high,,Исправить доставку и проверку товара
116,2025-02-25,Долгое ожидание,Очень долго ждал ответа оператора. Это уже не первый раз.,Поддержка,Долгое ожидание ответа,negative,2,medium,,Увеличить количество операторов
989,2025-02-25,Ошибка приложения,"После обновления приложение перестало запускаться. Подскажите, пожалуйста, как решить эту проблему.",Мобильное приложение,Приложение не запускается после обновления,negative,2,low,,Проверить совместимость версии приложения с операционной системой
553,2025-02-25,Поврежденный товар,Товар приехал поврежденным и пользоваться им невозможно. Это уже не первый раз.,Качество товара,Поврежденный товар,negative,4,high,,Улучшить проверку товаров перед доставкой
575,2025-02-26,Адрес доставки,"Курьер сообщил, что не может найти мой адрес.",Доставка,Проблема поиска адреса доставки,negative,2,low,,Проверить точность данных в системе доставки
31,2025-02-26,Задержка доставки,Жду заказ уже несколько дней дольше обещанного срока. Поддержка тоже не помогла.,Доставка,Задержка доставки,negative,3,medium,,Ускорить обработку заказов
973,2025-02-26,Списание бонусов,Не получается использовать накопленные бонусы при оплате.,Бонусная программа,Проблема использования бонусов при оплате,negative,2,medium,,Проверить интеграцию бонусной системы с платежной системой
610,2025-02-27,Отказ в возврате,"Мне отказали в возврате товара без понятного объяснения. Хотелось бы понять, что делать дальше.",Возвраты,Отказ в возврате без объяснения,negative,3,medium,,Уточнить причины отказа возврата
651,2025-02-27,Адрес доставки,"Курьер сообщил, что не может найти мой адрес. Надеюсь, вопрос получится быстро решить.",Доставка,Проблема поиска адреса доставки,neutral,2,low,,Проверить актуальность адреса в системе доставки
504,2025-02-28,Задержка доставки,"Жду заказ уже несколько дней дольше обещанного срока. Хотелось бы понять, что делать дальше.",Доставка,Задержка доставки,negative,3,medium,,Уточнить причины задержки и уведомить клиента
758,2025-02-28,Изменилась цена,"В корзине цена товара оказалась выше, чем на странице товара. Надеюсь, вопрос получится быстро решить.",Цена,Соотношение цен в корзине и товара,neutral,2,low,,Проверить синхронизацию цен в корзине
368,2025-02-28,Профиль,Не получается изменить номер телефона в профиле.,Личный кабинет,Ошибка изменения номера телефона,negative,2,low,,Проверить доступ к профилю
35,2025-02-28,Корзина,"Добавляю товар в корзину, но он сразу исчезает. Поддержка тоже не помогла.",Мобильное приложение,Текст должен быть 3-7 слов,positive,2,low,,Проверить логику добавления в корзину
813,2025-02-28,Возврат денег,Деньги после отмены заказа до сих пор не вернулись. Прошу помочь разобраться.,Оплата,Отсутствие возврата после отмены заказа,negative,3,medium,,Проверить статус отмены заказа
174,2025-02-28,Авторизация,Не могу войти в личный кабинет.,Личный кабинет,Проблема входа в личный кабинет,negative,2,low,,Проверить доступ к личному кабинету
227,2025-02-28,Качество поддержки,Оператор не смог решить мой вопрос и просто переключал меня между отделами.,Поддержка,Переключения между отделами,negative,3,medium,,Улучшить координацию между отделами
310,2025-02-28,Брак,Получил товар с явным браком.,Качество товара,Брак товара,negative,4,high,,Проверить качество поставок
245,2025-03-01,Счет,Не могу получить счет на заказ. Прошу срочно решить проблему.,Документы,Отсутствие счета на заказ,negative,4,medium,,Создать счет для заказа
90,2025-03-01,Промокод,"Промокод указан как действующий, но система его не принимает. Прошу помочь разобраться.",Цена,Проблема активации промокода,negative,2,low,,Проверить валидность промокода в системе
678,2025-03-02,История заказов,"В личном кабинете пропала история моих заказов. Если вопрос не решится, больше у вас покупать не буду.",Личный кабинет,Пропажа истории заказов,negative,5,high,,Проверить базу заказов на сервере
892,2025-03-02,Авторизация,Не могу войти в личный кабинет.,Личный кабинет,Проблема входа в личный кабинет,negative,2,low,,Проверить доступ к личному кабинету
255,2025-03-02,Нет ответа,"Пишу в поддержку уже второй день, никто не отвечает. Хотелось бы понять, что делать дальше.",Поддержка,Отсутствие ответа в поддержке,negative,3,medium,Отсутствие ответа в поддержке,Увеличить автоматизацию ответов в поддержке
888,2025-03-03,Задержка доставки,Жду заказ уже несколько дней дольше обещанного срока. Это уже не первый раз.,Доставка,Задержка доставки,negative,3,medium,,Ускорить обработку заказов
853,2025-03-03,Счет,Не могу получить счет на заказ. Это уже не первый раз.,Документы,Ошибка получения счета,negative,2,medium,,Проверить систему генерации счетов
931,2025-03-03,Курьер,Курьер не приехал в назначенное время и не позвонил. Прошу срочно решить проблему.,Доставка,Отсутствие уведомления о доставке,negative,4,medium,Отсутствие уведомления о доставке,Уведомлять курьера о задержке доставки
842,2025-03-05,Изменилась цена,"В корзине цена товара оказалась выше, чем на странице товара. Хотелось бы понять, что делать дальше.",Цена,Неправильная цена в корзине,neutral,2,low,,Проверить синхронизацию цен в корзине
863,2025-03-05,Долгое ожидание,Очень долго ждал ответа оператора.,Поддержка,Долгое ожидание ответа,negative,2,low,,Оптимизировать обработку запросов
524,2025-03-05,Поврежденный товар,Товар приехал поврежденным и пользоваться им невозможно.,Качество товара,Поврежденный товар,negative,5,high,,Исправить доставку и проверку товара
351,2025-03-06,Возврат денег,"Деньги после отмены заказа до сих пор не вернулись. Подскажите, пожалуйста, как решить эту проблему.",Оплата,Отсутствие возврата после отмены заказа,negative,2,medium,,Проверить статус отмены заказа и активировать возврат
499,2025-03-06,Курьер,Курьер не приехал в назначенное время и не позвонил.,Доставка,Отсутствие уведомления о доставке,negative,2,low,Отсутствие уведомления о доставке,Улучшить систему уведомлений курьера
343,2025-03-06,Профиль,Не получается изменить номер телефона в профиле.,Личный кабинет,Ошибка изменения номера телефона,negative,2,low,,Проверить доступ к профилю
528,2025-03-06,Качество поддержки,Оператор не смог решить мой вопрос и просто переключал меня между отделами. Прошу помочь разобраться.,Поддержка,Проблема с переключением между отделами,negative,2,medium,непонимание оператора,Улучшить процесс переключения между отделами
46,2025-03-06,Адрес доставки,"Курьер сообщил, что не может найти мой адрес. Прошу помочь разобраться.",Доставка,Проблема поиска адреса доставки,negative,2,low,,Проверить корректность адреса в системе
943,2025-03-07,Курьер,Курьер не приехал в назначенное время и не позвонил.,Доставка,Отсутствие уведомления о доставке,negative,2,low,Отсутствие уведомления о доставке,Улучшить систему уведомлений курьера
125,2025-03-07,Адрес доставки,"Курьер сообщил, что не может найти мой адрес. Очень недоволен этой ситуацией.",Доставка,Проблема поиска адреса доставки,negative,2,medium,,Проверить точность данных в системе доставки
431,2025-03-07,Ошибка приложения,После обновления приложение перестало запускаться. Очень недоволен этой ситуацией.,Мобильное приложение,Приложение не запускается после обновления,negative,3,medium,,Проверить стабильность обновления приложения
523,2025-03-08,Брак,Получил товар с явным браком. Прошу срочно решить проблему.,Качество товара,Брак товара,negative,5,high,,Исправить брак и вернуть деньги
361,2025-03-08,Качество поддержки,Оператор не смог решить мой вопрос и просто переключал меня между отделами. Прошу помочь разобраться.,Поддержка,Проблема с переключением между отделами,negative,2,medium,непонимание оператора,Улучшить процесс переключения между отделами
854,2025-03-09,Брак,"Получил товар с явным браком. Подскажите, пожалуйста, как решить эту проблему.",Качество товара,Брак товара,negative,3,medium,,Проверить качество поставок
851,2025-03-09,Качество поддержки,Оператор не смог решить мой вопрос и просто переключал меня между отделами. Очень недоволен этой ситуацией.,Поддержка,Недовольство переключением между отделами,negative,3,medium,недостаточная координация между отделами,Улучшить процесс переключения между отделами
142,2025-03-10,Пропали бонусы,Из личного кабинета исчезли мои бонусные баллы. Прошу помочь разобраться.,Бонусная программа,Бонусные баллы исчезли,negative,3,medium,,Проверить логи баллов
624,2025-03-10,Поврежденный товар,Товар приехал поврежденным и пользоваться им невозможно. Это уже не первый раз.,Качество товара,Поврежденный товар,negative,4,high,,Улучшить проверку товаров перед доставкой
150,2025-03-12,Адрес доставки,"Курьер сообщил, что не может найти мой адрес. Это уже не первый раз.",Доставка,Проблема поиска адреса доставки,negative,2,medium,,Проверить точность данных в системе доставки
801,2025-03-12,Долгое ожидание,Очень долго ждал ответа оператора.,Поддержка,Долгое ожидание ответа,negative,2,low,,Оптимизировать обработку запросов
697,2025-03-12,Не начислены бонусы,За покупку не начислили обещанные бонусы.,Бонусная программа,Не начислены бонусы,negative,2,medium,,Проверить систему начисления бонусов
744,2025-03-13,Возврат денег,"Деньги после отмены заказа до сих пор не вернулись. Хотелось бы понять, что делать дальше.",Оплата,Отсутствие возврата после отмены заказа,negative,3,medium,,Ускорить обработку возвратов после отмены заказа
515,2025-03-13,Ошибка оплаты,"Платеж отклоняется, хотя с картой все в порядке.",Оплата,Ошибка оплаты банковской картой,negative,2,low,,Проверить систему оплаты на ошибки
458,2025-03-13,История заказов,"В личном кабинете пропала история моих заказов. Хотелось бы понять, что делать дальше.",Личный кабинет,Проблема отсутствия истории заказов,negative,2,low,,Проверить базу данных заказов
321,2025-03-13,Задержка доставки,"Заказ должен был приехать вчера, но курьер так и не приехал.",Доставка,Задержка курьера,negative,2,low,,Уточнить статус доставки у курьера
938,2025-03-13,Задержка доставки,"Заказ должен был приехать вчера, но курьер так и не приехал. Прошу срочно решить проблему.",Доставка,Задержка курьера,negative,3,medium,,Ускорить доставку курьера
800,2025-03-14,Поврежденный товар,"Товар приехал поврежденным и пользоваться им невозможно. Надеюсь, вопрос получится быстро решить.",Качество товара,Поврежденный товар,neutral,3,low,,Проверить качество поставки
375,2025-03-14,Авторизация,Не могу войти в личный кабинет.,Личный кабинет,Проблема входа в личный кабинет,negative,2,low,,Проверить доступ к личному кабинету
273,2025-03-15,Отказ в возврате,Мне отказали в возврате товара без понятного объяснения.,Возвраты,Отказ в возврате без объяснения,negative,3,medium,,Уточнить причины отказа возврата
374,2025-03-15,Долгое ожидание,Очень долго ждал ответа оператора.,Поддержка,Долгое ожидание ответа,negative,2,low,,Оптимизировать обработку запросов
26,2025-03-15,Двойное списание,С карты дважды списали деньги за один заказ. Это уже не первый раз.,Оплата,Двойное списание заказа,negative,4,medium,,Проверить систему двойного списания
539,2025-03-15,Возврат денег,Деньги после отмены заказа до сих пор не вернулись. Это уже не первый раз.,Оплата,Отсутствие возврата после отмены заказа,negative,3,medium,,Ускорить обработку возвратов после отмены заказа
745,2025-03-16,Адрес доставки,"Курьер сообщил, что не может найти мой адрес.",Доставка,Проблема поиска адреса доставки,negative,2,low,,Проверить точность данных в системе доставки
686,2025-03-16,Повреждение,"Заказ приехал с поврежденной упаковкой. Если вопрос не решится, больше у вас покупать не буду.",Доставка,Поврежденная упаковка при доставке,negative,5,high,Поврежденная упатовка при доставке,Проверить упаковку при получении
828,2025-03-16,Авторизация,"Не могу войти в приложение, постоянно выбрасывает на экран входа. Поддержка тоже не помогла.",Мобильное приложение,Ошибка входа в приложение,negative,3,medium,,Проверить аутентификацию на сервере
138,2025-03-17,Ошибка приложения,"После обновления приложение перестало запускаться. Если вопрос не решится, больше у вас покупать не буду.",Мобильное приложение,Приложение не запускается после обновления,negative,5,high,,Вернуть приложение в исходную версию
337,2025-03-17,Профиль,Не получается изменить номер телефона в профиле.,Личный кабинет,Ошибка изменения номера телефона,negative,2,low,,Проверить доступ к профилю
705,2025-03-18,Возврат денег,Деньги после отмены заказа до сих пор не вернулись. Прошу срочно решить проблему.,Оплата,Отсутствие возврата после отмены заказа,negative,4,high,Отсутствие возвратов после отмены заказа,Ускорить обработку возвратов после отмены заказа
901,2025-03-18,Задержка доставки,"Заказ должен был приехать вчера, но курьер так и не приехал. Прошу помочь разобраться.",Доставка,Задержка курьера,negative,2,low,,Проверить статус доставки
213,2025-03-18,Списание бонусов,Не получается использовать накопленные бонусы при оплате.,Бонусная программа,Проблема использования бонусов при оплате,negative,2,medium,,Проверить интеграцию бонусной системы с платежной системой
99,2025-03-18,Долгое ожидание,"Очень долго ждал ответа оператора. Надеюсь, вопрос получится быстро решить.",Поддержка,Долгое ожидание ответа,neutral,2,low,,Оптимизировать время ответа операторов
418,2025-03-19,Счет,Не могу получить счет на заказ.,Документы,Отсутствие счета на заказ,negative,2,low,,Ускорить генерацию счетов
501,2025-03-20,Корзина,"Добавляю товар в корзину, но он сразу исчезает.",Мобильное приложение,Товар исчезает из корзины,negative,3,medium,,Проверить логику добавления в корзину
151,2025-03-20,Ошибка приложения,"После обновления приложение перестало запускаться. Подскажите, пожалуйста, как решить эту проблему.",Мобильное приложение,Приложение не запускается после обновления,negative,2,low,,Проверить совместимость версии приложения с операционной системой
688,2025-03-20,Задержка доставки,"Жду заказ уже несколько дней дольше обещанного срока. Подскажите, пожалуйста, как решить эту проблему.",Доставка,Задержка доставки,negative,3,medium,,Уточнить причины задержки и уведомить клиента о планах по исправлению
366,2025-03-21,Авторизация,"Не могу войти в приложение, постоянно выбрасывает на экран входа. Прошу срочно решить проблему.",Мобильное приложение,Проблема входа в приложение,negative,4,high,,Перезапустить приложение
928,2025-03-21,Адрес доставки,"Курьер сообщил, что не может найти мой адрес. Хотелось бы понять, что делать дальше.",Доставка,Проблема поиска адреса доставки,neutral,2,low,,Проверить точность адреса в системе
91,2025-03-21,Двойное списание,С карты дважды списали деньги за один заказ. Это уже не первый раз.,Оплата,Двойное списание заказа,negative,4,medium,,Проверить систему двойного списания
9,2025-03-21,Возврат денег,Деньги после отмены заказа до сих пор не вернулись.,Оплата,Отсутствие возврата после отмены заказа,negative,3,medium,,Ускорить обработку возвратов после отмены заказа
86,2025-03-22,Несоответствие,Товар совсем не соответствует описанию на сайте. Это уже не первый раз.,Качество товара,Несоответствие товара описанию,negative,3,medium,Несоответствие товара описанию,Улучшить проверку товаров перед отправкой
976,2025-03-22,История заказов,В личном кабинете пропала история моих заказов. Поддержка тоже не помогла.,Личный кабинет,Проблема отсутствия истории заказов,negative,2,medium,,Проверить базу данных заказов
897,2025-03-22,Ошибка оплаты,"Не могу оплатить заказ банковской картой, постоянно появляется ошибка. Если вопрос не решится, больше у вас покупать не буду.",Оплата,Ошибка оплаты банковской картой,negative,5,high,,Исправить ошибку оплаты банковской картой
37,2025-03-22,Несоответствие,"Товар совсем не соответствует описанию на сайте. Если вопрос не решится, больше у вас покупать не буду.",Качество товара,Несоответствие товара описанию,negative,5,high,,Проверить товары на соответствие описанию
845,2025-03-23,Скидка,Обещанная скидка не применилась при оформлении заказа.,Цена,Скидка не применилась при оформлении заказа,negative,2,medium,неизвестно,Проверить условия применения скидки
960,2025-03-23,Задержка доставки,Жду заказ уже несколько дней дольше обещанного срока.,Доставка,Задержка доставки,negative,3,medium,,Ускорить обработку заказов
145,2025-03-23,История заказов,"В личном кабинете пропала история моих заказов. Хотелось бы понять, что делать дальше.",Личный кабинет,Проблема отсутствия истории заказов,negative,2,low,,Проверить базу данных заказов
8,2025-03-23,Корзина,"Добавляю товар в корзину, но он сразу исчезает.",Мобильное приложение,Товар исчезает из корзины,negative,3,medium,,Проверить логику добавления в корзину
545,2025-03-23,Пропали бонусы,Из личного кабинета исчезли мои бонусные баллы. Это уже не первый раз.,Бонусная программа,Бонусные баллы исчезли,negative,3,medium,,Проверить систему учета баллов
525,2025-03-24,Двойное списание,С карты дважды списали деньги за один заказ.,Оплата,Двойное списание заказа,negative,5,high,,Проверить систему списаний
565,2025-03-25,Отказ в возврате,Мне отказали в возврате товара без понятного объяснения. Это уже не первый раз.,Возвраты,Отказ в возврате без объяснения,negative,3,medium,,Уточнить причины отказа возврата
783,2025-03-26,Промокод,"Промокод указан как действующий, но система его не принимает.",Цена,Проблема с действующим промокодом,negative,2,low,,Проверить валидность промокода в системе
308,2025-03-26,Ошибка оплаты,"Платеж отклоняется, хотя с картой все в порядке. Поддержка тоже не помогла.",Оплата,Ошибка оплаты банковской картой,negative,3,medium,,Проверить систему оплаты на ошибки
160,2025-03-26,Не начислены бонусы,"За покупку не начислили обещанные бонусы. Надеюсь, вопрос получится быстро решить.",Бонусная программа,Не начислены бонусы,neutral,2,low,,Проверить систему начисления бонусов
47,2025-03-26,Ошибка оплаты,"Платеж отклоняется, хотя с картой все в порядке.",Оплата,Ошибка оплаты банковской картой,negative,2,low,,Проверить систему оплаты на ошибки
229,2025-03-26,Профиль,Не получается изменить номер телефона в профиле. Это уже не первый раз.,Личный кабинет,Ошибка изменения номера телефона,negative,2,medium,,Проверить доступ к профилю
809,2025-03-27,Задержка доставки,"Заказ должен был приехать вчера, но курьер так и не приехал. Поддержка тоже не помогла.",Доставка,Задержка курьера,negative,2,medium,,Уточнить статус доставки у курьера
803,2025-03-27,Брак,Получил товар с явным браком.,Качество товара,Брак товара,negative,4,high,,Проверить качество поставок
282,2025-03-27,Ошибка приложения,После обновления приложение перестало запускаться.,Мобильное приложение,Приложение не запускается после обновления,negative,2,low,,Проверить стабильность обновления приложения
131,2025-03-28,Корзина,"Добавляю товар в корзину, но он сразу исчезает. Прошу помочь разобраться.",Мобильное приложение,Товар исчезает из корзины,negative,3,medium,,Проверить логику добавления в корзину
396,2025-03-29,Пропали бонусы,"Из личного кабинета исчезли мои бонусные баллы. Хотелось бы понять, что делать дальше.",Бонусная программа,Бонусные баллы исчезли,negative,3,medium,,Проверить личный кабинет на наличие баллов
20,2025-03-29,Нет ответа,"Пишу в поддержку уже второй день, никто не отвечает.",Поддержка,Отсутствие ответа в поддержке,negative,3,medium,Отсутствие ответа в поддержке,Увеличить автоматизацию ответов в поддержке
963,2025-03-30,Повреждение,Заказ приехал с поврежденной упаковкой.,Доставка,Поврежденная упаковка при доставке,negative,2,low,,Проверить качество упаковки перед доставкой
978,2025-03-31,Корзина,"Добавляю товар в корзину, но он сразу исчезает.",Мобильное приложение,Товар исчезает из корзины,negative,3,medium,,Проверить логику добавления в корзину
126,2025-03-31,Долгое ожидание,"Очень долго ждал ответа оператора. Подскажите, пожалуйста, как решить эту проблему.",Поддержка,Долгое ожидание ответа,negative,2,low,,Увеличить количество операторов
286,2025-03-31,Адрес доставки,"Курьер сообщил, что не может найти мой адрес. Надеюсь, вопрос получится быстро решить.",Доставка,Проблема поиска адреса доставки,neutral,2,low,,Проверить актуальность адреса в системе доставки
602,2025-03-31,Возврат товара,"Хочу вернуть товар, но не понимаю, как оформить возврат. Если вопрос не решится, больше у вас покупать не буду.",Возвраты,Сложность оформления возврата,negative,5,high,Неясность процесса возврата,Упростить процесс оформления возврата
662,2025-03-31,Долгое ожидание,Очень долго ждал ответа оператора. Прошу помочь разобраться.,Поддержка,Долгое ожидание ответа,negative,2,low,,Увеличить количество операторов
971,2025-04-01,Скидка,Обещанная скидка не применилась при оформлении заказа.,Цена,Скидка не применилась при оформлении заказа,negative,2,medium,неизвестно,Проверить условия применения скидки
981,2025-04-01,Ошибка приложения,Приложение зависает при оформлении заказа. Прошу срочно решить проблему.,Мобильное приложение,Зависание при оформлении заказа,negative,4,high,,Проверить стабильность приложения при оформлении заказа
704,2025-04-02,Задержка доставки,"Заказ должен был приехать вчера, но курьер так и не приехал. Прошу помочь разобраться.",Доставка,Задержка курьера,negative,2,low,,Проверить статус доставки
372,2025-04-03,Возврат денег,"Деньги после отмены заказа до сих пор не вернулись. Если вопрос не решится, больше у вас покупать не буду.",Оплата,Ожидание возврата после отмены заказа,negative,5,high,Не вернулись деньги после отмены заказа,Ускорить обработку возвратов после отмены заказа
490,2025-04-03,Долгое ожидание,Очень долго ждал ответа оператора.,Поддержка,Долгое ожидание ответа,negative,2,low,,Оптимизировать обработку запросов
957,2025-04-03,Повреждение,Заказ приехал с поврежденной упаковкой.,Доставка,Поврежденная упаковка при доставке,negative,2,low,,Проверить качество упаковки перед доставкой
694,2025-04-05,Промокод,"Промокод указан как действующий, но система его не принимает. Очень недоволен этой ситуацией.",Цена,Проблема активации промокода,negative,3,medium,,Проверить валидность промокода в системе
666,2025-04-05,История заказов,В личном кабинете пропала история моих заказов.,Личный кабинет,Пропажа истории заказов,negative,3,medium,,Проверить базу данных заказов
75,2025-04-06,Задержка доставки,"Заказ должен был приехать вчера, но курьер так и не приехал. Очень недоволен этой ситуацией.",Доставка,Задержка доставки,negative,2,low,,Уточнить статус заказа у курьера
487,2025-04-06,Поврежденный товар,Товар приехал поврежденным и пользоваться им невозможно.,Качество товара,Поврежденный товар,negative,5,high,,Исправить доставку и проверку товара
730,2025-04-06,Ошибка приложения,Приложение зависает при оформлении заказа.,Мобильное приложение,Зависание при оформлении заказа,negative,2,medium,,Оптимизировать процесс оформления заказа
266,2025-04-07,Чек,"Не получил электронный чек после покупки. Надеюсь, вопрос получится быстро решить.",Документы,Отсутствие электронного чека,neutral,2,low,,Проверить систему электронных чеков
966,2025-04-07,Списание бонусов,Не получается использовать накопленные бонусы при оплате. Прошу помочь разобраться.,Бонусная программа,Проблема использования бонусов при оплате,negative,2,low,,Проверить настройки бонусной программы
417,2025-04-07,Ошибка оплаты,"Платеж отклоняется, хотя с картой все в порядке. Прошу помочь разобраться.",Оплата,Ошибка оплаты банковской картой,negative,2,low,,Проверить данные карты и транзакцию
14,2025-04-09,Ошибка приложения,После обновления приложение перестало запускаться. Очень недоволен этой ситуацией.,Мобильное приложение,Приложение не запускается после обновления,negative,3,medium,,Проверить стабильность обновления приложения
62,2025-04-09,Адрес доставки,"Курьер сообщил, что не может найти мой адрес.",Доставка,Проблема поиска адреса доставки,negative,2,low,,Проверить точность данных в системе доставки
201,2025-04-09,Двойное списание,С карты дважды списали деньги за один заказ.,Оплата,Двойное списание заказа,negative,5,high,,Проверить систему списаний
613,2025-04-09,Адрес доставки,"Курьер сообщил, что не может найти мой адрес. Прошу срочно решить проблему.",Доставка,Проблема поиска адреса доставки,negative,4,medium,,Проверить корректность адреса в системе
806,2025-04-10,Пропали бонусы,Из личного кабинета исчезли мои бонусные баллы. Прошу помочь разобраться.,Бонусная программа,Бонусные баллы исчезли,negative,3,medium,,Проверить логи баллов
527,2025-04-11,Качество поддержки,Оператор не смог решить мой вопрос и просто переключал меня между отделами.,Поддержка,Переключения между отделами,negative,3,medium,,Улучшить координацию между отделами
134,2025-04-12,Задержка доставки,"Заказ должен был приехать вчера, но курьер так и не приехал.",Доставка,Задержка курьера,negative,2,low,,Уточнить статус доставки у курьера
177,2025-04-12,Задержка доставки,Жду заказ уже несколько дней дольше обещанного срока.,Доставка,Задержка доставки,negative,3,medium,,Ускорить обработку заказов
306,2025-04-13,Повреждение,"Заказ приехал с поврежденной упаковкой. Если вопрос не решится, больше у вас покупать не буду.",Доставка,Поврежденная упаковка при доставке,negative,5,high,Поврежденная упатовка при доставке,Проверить упаковку при получении
480,2025-04-13,Скидка,"Обещанная скидка не применилась при оформлении заказа. Если вопрос не решится, больше у вас покупать не буду.",Цена,Скидка не применяется при оформлении,negative,5,high,,Проверить условия применения скидки
909,2025-04-13,Возврат денег,Деньги после отмены заказа до сих пор не вернулись. Это уже не первый раз.,Оплата,Отсутствие возврата после отмены заказа,negative,3,medium,,Ускорить обработку возвратов после отмены заказа
927,2025-04-14,Повреждение,Заказ приехал с поврежденной упаковкой.,Доставка,Поврежденная упаковка при доставке,negative,2,low,,Проверить качество упаковки перед доставкой
882,2025-04-15,Чек,Не получил электронный чек после покупки. Прошу помочь разобраться.,Документы,Отсутствие электронного чека после покупки,negative,2,low,,Проверить систему электронных чеков
917,2025-04-16,Брак,"Получил товар с явным браком. Подскажите, пожалуйста, как решить эту проблему.",Качество товара,Брак товара,negative,3,medium,,Проверить качество поставок
822,2025-04-16,Пропали бонусы,Из личного кабинета исчезли мои бонусные баллы.,Бонусная программа,Бонусные баллы исчезли,negative,3,medium,,Проверить систему учета баллов
676,2025-04-17,Списание бонусов,Не получается использовать накопленные бонусы при оплате.,Бонусная программа,Проблема использования бонусов при оплате,negative,2,medium,,Проверить интеграцию бонусной системы с платежной системой
219,2025-04-17,Долгое ожидание,Очень долго ждал ответа оператора. Очень недоволен этой ситуацией.,Поддержка,Долгое ожидание ответа,negative,2,medium,недостаточное количество операторов,Увеличить количество операторов
720,2025-04-17,Качество поддержки,Оператор не смог решить мой вопрос и просто переключал меня между отделами. Прошу срочно решить проблему.,Поддержка,Проблема с переключением между отделами,negative,4,high,Оператор не смог решить вопрос,Улучшить процесс переключения между отделами
930,2025-04-17,Поврежденный товар,Товар приехал поврежденным и пользоваться им невозможно.,Качество товара,Поврежденный товар,negative,5,high,,Исправить доставку и проверку товара
128,2025-04-18,Отказ в возврате,"Мне отказали в возврате товара без понятного объяснения. Надеюсь, вопрос получится быстро решить.",Возвраты,Отказ в возврате без объяснения,neutral,2,low,,Уточнить причины отказа возврата
387,2025-04-19,История заказов,В личном кабинете пропала история моих заказов.,Личный кабинет,Пропажа истории заказов,negative,3,medium,,Проверить базу данных заказов
837,2025-04-19,Поврежденный товар,Товар приехал поврежденным и пользоваться им невозможно. Прошу срочно решить проблему.,Качество товара,Поврежденный товар,negative,5,high,,Исправить повреждение и отправить новый товар
67,2025-04-20,Не начислены бонусы,За покупку не начислили обещанные бонусы.,Бонусная программа,Не начислены бонусы,negative,2,medium,,Проверить систему начисления бонусов
591,2025-04-20,Возврат денег,"Деньги после отмены заказа до сих пор не вернулись. Если вопрос не решится, больше у вас покупать не буду.",Оплата,Ожидание возврата после отмены заказа,negative,5,high,Не вернулись деньги после отмены заказа,Ускорить обработку возвратов после отмены заказа
507,2025-04-20,Счет,Не могу получить счет на заказ. Это уже не первый раз.,Документы,Ошибка получения счета,negative,2,medium,,Проверить систему генерации счетов
202,2025-04-21,История заказов,В личном кабинете пропала история моих заказов. Это уже не первый раз.,Личный кабинет,Пропажа истории заказов,negative,3,medium,,Проверить базу данных заказов
336,2025-04-21,Не начислены бонусы,За покупку не начислили обещанные бонусы.,Бонусная программа,Не начислены бонусы,negative,2,medium,,Проверить систему начисления бонусов
355,2025-04-21,Брак,"Получил товар с явным браком. Подскажите, пожалуйста, как решить эту проблему.",Качество товара,Брак товара,negative,3,medium,,Проверить качество поставок
862,2025-04-22,Задержка доставки,"Заказ должен был приехать вчера, но курьер так и не приехал.",Доставка,Задержка курьера,negative,2,low,,Уточнить статус доставки у курьера
815,2025-04-22,Чек,Не получил электронный чек после покупки. Это уже не первый раз.,Документы,Отсутствие электронного чека,negative,2,low,,Установить автоматическое отправление чека
656,2025-04-22,Авторизация,Не могу войти в личный кабинет.,Личный кабинет,Проблема входа в личный кабинет,negative,2,low,,Проверить доступ к личному кабинету
29,2025-04-23,Чек,Не получил электронный чек после покупки. Прошу помочь разобраться.,Документы,Отсутствие электронного чека после покупки,negative,2,low,,Проверить систему электронных чеков
158,2025-04-23,Ошибка оплаты,"Платеж отклоняется, хотя с картой все в порядке.",Оплата,Ошибка оплаты банковской картой,negative,2,low,,Проверить систему оплаты на ошибки
810,2025-04-23,Возврат денег,Деньги после отмены заказа до сих пор не вернулись.,Оплата,Отсутствие возврата после отмены заказа,negative,3,medium,,Ускорить обработку возвратов после отмены заказа
962,2025-04-23,Долгое ожидание,Очень долго ждал ответа оператора.,Поддержка,Долгое ожидание ответа,negative,2,low,,Оптимизировать обработку запросов
660,2025-04-24,Возврат денег,"Товар вернул неделю назад, а деньги еще не поступили.",Возвраты,Задержка возврата средств,negative,2,medium,,Ускорить обработку возвратов
452,2025-04-24,Списание бонусов,"Не получается использовать накопленные бонусы при оплате. Если вопрос не решится, больше у вас покупать не буду.",Бонусная программа,Ошибка использования бонусов при оплате,negative,5,high,,Проверить интеграцию бонусной системы с платежной системой
939,2025-04-24,Адрес доставки,"Курьер сообщил, что не может найти мой адрес.",Доставка,Проблема поиска адреса доставки,negative,2,low,,Проверить точность данных в системе доставки
773,2025-04-24,Несоответствие,Товар совсем не соответствует описанию на сайте. Прошу помочь разобраться.,Качество товара,Несоответствие товара описанию,negative,3,medium,,Проверить описания товаров на соответствие реальному товару
514,2025-04-25,Задержка доставки,Жду заказ уже несколько дней дольше обещанного срока. Поддержка тоже не помогла.,Доставка,Задержка доставки,negative,3,medium,,Ускорить обработку заказов
2,2025-04-25,Задержка доставки,"Заказ должен был приехать вчера, но курьер так и не приехал. Очень недоволен этой ситуацией.",Доставка,Задержка доставки,negative,2,low,,Уточнить статус заказа у курьера
455,2025-04-25,Задержка доставки,"Заказ должен был приехать вчера, но курьер так и не приехал. Прошу срочно решить проблему.",Доставка,Задержка курьера,negative,3,medium,,Ускорить доставку курьера
168,2025-04-25,Ошибка приложения,После обновления приложение перестало запускаться. Поддержка тоже не помогла.,Мобильное приложение,Приложение не запускается после обновления,negative,3,medium,,Проверить стабильность обновления приложения
311,2025-04-26,Пропали бонусы,Из личного кабинета исчезли мои бонусные баллы. Очень недоволен этой ситуацией.,Бонусная программа,Бонусные баллы исчезли,negative,3,medium,,Проверить систему учета баллов
667,2025-04-26,Двойное списание,С карты дважды списали деньги за один заказ. Поддержка тоже не помогла.,Оплата,Двойное списание заказа,negative,4,medium,,Проверить систему списаний
572,2025-04-27,Ошибка приложения,Приложение зависает при оформлении заказа.,Мобильное приложение,Зависание при оформлении заказа,negative,2,medium,,Оптимизировать процесс оформления заказа
15,2025-04-27,Авторизация,Не могу войти в личный кабинет. Прошу срочно решить проблему.,Личный кабинет,Проблема входа в личный кабинет,negative,4,high,,Проверить доступ к аккаунту
729,2025-04-27,Возврат денег,"Товар вернул неделю назад, а деньги еще не поступили. Подскажите, пожалуйста, как решить эту проблему.",Возвраты,Задержка возврата средств,negative,2,medium,,Проверить статус возврата в системе
205,2025-04-27,Возврат денег,"Товар вернул неделю назад, а деньги еще не поступили.",Возвраты,Задержка возврата средств,negative,2,medium,,Ускорить обработку возвратов
52,2025-04-28,Нет ответа,"Пишу в поддержку уже второй день, никто не отвечает.",Поддержка,Отсутствие ответа в поддержке,negative,3,medium,Отсутствие ответа в поддержке,Увеличить автоматизацию ответов в поддержке
299,2025-04-28,Долгое ожидание,Очень долго ждал ответа оператора.,Поддержка,Долгое ожидание ответа,negative,2,low,,Оптимизировать обработку запросов
235,2025-04-28,Документы,"В документах к заказу указаны неверные данные. Надеюсь, вопрос получится быстро решить.",Документы,Неверные данные в документах,neutral,2,low,,Проверить данные в документах
288,2025-04-29,Поврежденный товар,"Товар приехал поврежденным и пользоваться им невозможно. Хотелось бы понять, что делать дальше.",Качество товара,Поврежденный товар неиспользуемый,negative,3,medium,,Проверить качество поставки
223,2025-04-29,Возврат денег,Деньги после отмены заказа до сих пор не вернулись. Это уже не первый раз.,Оплата,Отсутствие возврата после отмены заказа,negative,3,medium,,Ускорить обработку возвратов после отмены заказа
849,2025-04-30,Возврат товара,"Хочу вернуть товар, но не понимаю, как оформить возврат. Это уже не первый раз.",Возвраты,Сложность оформления возврата,negative,2,medium,неизвестно,Упростить процесс оформления возврата
317,2025-04-30,Несоответствие,"Товар совсем не соответствует описанию на сайте. Если вопрос не решится, больше у вас покупать не буду.",Качество товара,Несоответствие товара описанию,negative,5,high,,Проверить товары на соответствие описанию
16,2025-04-30,Списание бонусов,Не получается использовать накопленные бонусы при оплате.,Бонусная программа,Проблема использования бонусов при оплате,negative,2,medium,,Проверить интеграцию бонусной системы с платежной системой
595,2025-04-30,Адрес доставки,"Курьер сообщил, что не может найти мой адрес.",Доставка,Проблема поиска адреса доставки,negative,2,low,,Проверить точность данных в системе доставки
76,2025-05-01,Отказ в возврате,Мне отказали в возврате товара без понятного объяснения.,Возвраты,Отказ в возврате без объяснения,negative,3,medium,,Уточнить причины отказа возврата
329,2025-05-01,Не начислены бонусы,За покупку не начислили обещанные бонусы. Очень недоволен этой ситуацией.,Бонусная программа,Не начислены бонусы,negative,4,high,,Проверить систему начисления бонусов
133,2025-05-01,Авторизация,"Не могу войти в приложение, постоянно выбрасывает на экран входа. Поддержка тоже не помогла.",Мобильное приложение,Ошибка входа в приложение,negative,3,medium,,Проверить аутентификацию на сервере
441,2025-05-02,Документы,В документах к заказу указаны неверные данные.,Документы,Неверные данные в документах заказа,negative,2,low,,Проверить данные в документах заказа
55,2025-05-02,Ошибка оплаты,"Платеж отклоняется, хотя с картой все в порядке.",Оплата,Ошибка оплаты банковской картой,negative,2,low,,Проверить систему оплаты на ошибки
819,2025-05-02,Возврат денег,Деньги после отмены заказа до сих пор не вернулись. Прошу срочно решить проблему.,Оплата,Отсутствие возврата после отмены заказа,negative,4,high,Отсутствие возвратов после отмены заказа,Ускорить обработку возвратов после отмены заказа
105,2025-05-02,Не начислены бонусы,"За покупку не начислили обещанные бонусы. Если вопрос не решится, больше у вас покупать не буду.",Бонусная программа,Не начислены бонусы,negative,5,high,,Проверить систему начисления бонусов
66,2025-05-02,Адрес доставки,"Курьер сообщил, что не может найти мой адрес. Хотелось бы понять, что делать дальше.",Доставка,Проблема поиска адреса доставки,neutral,2,low,,Проверить точность адреса в системе
463,2025-05-03,Отказ в возврате,"Мне отказали в возврате товара без понятного объяснения. Хотелось бы понять, что делать дальше.",Возвраты,Отказ в возврате без объяснения,negative,3,medium,,Уточнить причины отказа возврата
870,2025-05-03,Брак,Получил товар с явным браком.,Качество товара,Брак товара,negative,4,high,,Проверить качество поставок
680,2025-05-03,Долгое ожидание,"Очень долго ждал ответа оператора. Подскажите, пожалуйста, как решить эту проблему.",Поддержка,Долгое ожидание ответа,negative,2,low,,Увеличить количество операторов
542,2025-05-04,Поврежденный товар,"Товар приехал поврежденным и пользоваться им невозможно. Хотелось бы понять, что делать дальше.",Качество товара,Поврежденный товар неиспользуемый,negative,3,medium,,Проверить качество поставки
466,2025-05-04,Корзина,"Добавляю товар в корзину, но он сразу исчезает. Подскажите, пожалуйста, как решить эту проблему.",Мобильное приложение,Товар исчезает из корзины,negative,2,low,,Проверить логику добавления в корзину
670,2025-05-05,Возврат денег,Деньги после отмены заказа до сих пор не вернулись. Очень недоволен этой ситуацией.,Оплата,Ожидание возврата после отмены заказа,negative,4,high,,Ускорить обработку возвратов после отмены заказа
679,2025-05-05,Авторизация,"Не могу войти в приложение, постоянно выбрасывает на экран входа. Подскажите, пожалуйста, как решить эту проблему.",Мобильное приложение,Ошибка входа в приложение,negative,3,medium,,Проверить статус сессии и аутентификацию
708,2025-05-05,Чек,Не получил электронный чек после покупки.,Документы,Отсутствие электронного чека после покупки,negative,2,low,,Уведомлять о чеке после оплаты
885,2025-05-06,Адрес доставки,"Курьер сообщил, что не может найти мой адрес.",Доставка,Проблема поиска адреса доставки,negative,2,low,,Проверить точность данных в системе доставки
627,2025-05-07,Ошибка приложения,После обновления приложение перестало запускаться. Прошу помочь разобраться.,Мобильное приложение,Приложение не запускается после обновления,negative,2,low,,Проверить стабильность обновления
543,2025-05-07,Задержка доставки,"Заказ должен был приехать вчера, но курьер так и не приехал.",Доставка,Задержка курьера,negative,2,low,,Уточнить статус доставки у курьера
769,2025-05-08,Корзина,"Добавляю товар в корзину, но он сразу исчезает.",Мобильное приложение,Товар исчезает из корзины,negative,3,medium,,Проверить логику добавления в корзину
988,2025-05-08,Корзина,"Добавляю товар в корзину, но он сразу исчезает.",Мобильное приложение,Товар исчезает из корзины,negative,3,medium,,Проверить логику добавления в корзину
214,2025-05-08,Адрес доставки,"Курьер сообщил, что не может найти мой адрес. Надеюсь, вопрос получится быстро решить.",Доставка,Проблема поиска адреса доставки,neutral,2,low,,Проверить актуальность адреса в системе доставки
108,2025-05-08,Ошибка оплаты,"Не могу оплатить заказ банковской картой, постоянно появляется ошибка. Подскажите, пожалуйста, как решить эту проблему.",Оплата,Ошибка оплаты банковской картой,negative,2,low,,Проверить подключение карты в системе оплаты
141,2025-05-08,Изменилась цена,"В корзине цена товара оказалась выше, чем на странице товара. Хотелось бы понять, что делать дальше.",Цена,Неправильная цена в корзине,neutral,2,low,,Проверить синхронизацию цен в корзине
34,2025-05-09,Чек,Не получил электронный чек после покупки. Очень недоволен этой ситуацией.,Документы,Отсутствие электронного чека после покупки,negative,2,low,,Убедиться в автоматическом отправке электронных чеков
747,2025-05-09,Промокод,"Промокод указан как действующий, но система его не принимает. Очень недоволен этой ситуацией.",Цена,Проблема активации промокода,negative,3,medium,,Проверить валидность промокода в системе
482,2025-05-10,Задержка доставки,Жду заказ уже несколько дней дольше обещанного срока.,Доставка,Задержка доставки,negative,3,medium,,Ускорить обработку заказов
472,2025-05-10,История заказов,В личном кабинете пропала история моих заказов. Поддержка тоже не помогла.,Личный кабинет,Проблема отсутствия истории заказов,negative,2,medium,,Проверить базу данных заказов
426,2025-05-10,Авторизация,"Не могу войти в приложение, постоянно выбрасывает на экран входа.",Мобильное приложение,Ошибка входа в приложение,negative,3,medium,,Проверить аутентификацию на сервере
358,2025-05-11,Возврат товара,"Хочу вернуть товар, но не понимаю, как оформить возврат. Очень недоволен этой ситуацией.",Возвраты,Сложность оформления возврата,negative,2,medium,не понимает как оформить возврат,Упростить процесс оформления возврата
289,2025-05-11,Ошибка приложения,"Приложение зависает при оформлении заказа. Если вопрос не решится, больше у вас покупать не буду.",Мобильное приложение,Зависание при оформлении заказа,negative,5,high,,Ускорить исправление зависания при оформлении заказа
637,2025-05-11,Пропали бонусы,Из личного кабинета исчезли мои бонусные баллы.,Бонусная программа,Бонусные баллы исчезли,negative,3,medium,,Проверить систему учета баллов
460,2025-05-12,Двойное списание,С карты дважды списали деньги за один заказ. Прошу помочь разобраться.,Оплата,Двойное списание заказа,negative,4,medium,,Проверить систему списаний
146,2025-05-13,Профиль,Не получается изменить номер телефона в профиле.,Личный кабинет,Ошибка изменения номера телефона,negative,2,low,,Проверить доступ к профилю
935,2025-05-14,Не начислены бонусы,За покупку не начислили обещанные бонусы.,Бонусная программа,Не начислены бонусы,negative,2,medium,,Проверить систему начисления бонусов
619,2025-05-14,Авторизация,"Не могу войти в приложение, постоянно выбрасывает на экран входа.",Мобильное приложение,Ошибка входа в приложение,negative,3,medium,,Проверить аутентификацию на сервере
682,2025-05-14,Возврат денег,"Товар вернул неделю назад, а деньги еще не поступили. Хотелось бы понять, что делать дальше.",Возвраты,Задержка возврата средств,negative,2,medium,,Проверить статус возврата в системе
115,2025-05-14,Курьер,Курьер не приехал в назначенное время и не позвонил.,Доставка,Отсутствие уведомления о доставке,negative,2,low,Отсутствие уведомления о доставке,Улучшить систему уведомлений курьера
506,2025-05-15,Профиль,"Не получается изменить номер телефона в профиле. Хотелось бы понять, что делать дальше.",Личный кабинет,Не могу изменить номер телефона,negative,2,low,,Проверить доступ к профилю
38,2025-05-15,Чек,Не получил электронный чек после покупки. Прошу помочь разобраться.,Документы,Отсутствие электронного чека после покупки,negative,2,low,,Проверить систему электронных чеков
96,2025-05-15,Адрес доставки,"Курьер сообщил, что не может найти мой адрес. Прошу помочь разобраться.",Доставка,Проблема поиска адреса доставки,negative,2,low,,Проверить корректность адреса в системе
793,2025-05-15,Ошибка приложения,Приложение зависает при оформлении заказа. Прошу помочь разобраться.,Мобильное приложение,Зависание при оформлении заказа,negative,2,low,,Проверить стабильность приложения при оформлении заказа
225,2025-05-16,Профиль,"Не получается изменить номер телефона в профиле. Надеюсь, вопрос получится быстро решить.",Личный кабинет,Ошибка изменения номера телефона,neutral,2,low,,Проверить доступ к профилю
571,2025-05-16,Документы,"В документах к заказу указаны неверные данные. Надеюсь, вопрос получится быстро решить.",Документы,Неверные данные в документах,neutral,2,low,,Проверить данные в документах
84,2025-05-16,Курьер,"Курьер не приехал в назначенное время и не позвонил. Если вопрос не решится, больше у вас покупать не буду.",Доставка,Курьер не пришёл в срок,negative,5,high,Курьер не пришёл в срок,Уведомлять курьёра о задержке доставки
228,2025-05-17,Не начислены бонусы,За покупку не начислили обещанные бонусы.,Бонусная программа,Не начислены бонусы,negative,2,medium,,Проверить систему начисления бонусов
673,2025-05-18,Отказ в возврате,"Мне отказали в возврате товара без понятного объяснения. Надеюсь, вопрос получится быстро решить.",Возвраты,Отказ в возврате без объяснения,neutral,2,low,,Уточнить причины отказа возврата
237,2025-05-18,Нет ответа,"Пишу в поддержку уже второй день, никто не отвечает. Хотелось бы понять, что делать дальше.",Поддержка,Отсутствие ответа в поддержке,negative,3,medium,Отсутствие ответа в поддержке,Увеличить автоматизацию ответов в поддержке
200,2025-05-19,Двойное списание,С карты дважды списали деньги за один заказ.,Оплата,Двойное списание заказа,negative,5,high,,Проверить систему списаний
736,2025-05-19,Задержка доставки,"Заказ должен был приехать вчера, но курьер так и не приехал.",Доставка,Задержка курьера,negative,2,low,,Уточнить статус доставки у курьера
149,2025-05-20,Отказ в возврате,Мне отказали в возврате товара без понятного объяснения.,Возвраты,Отказ в возврате без объяснения,negative,3,medium,,Уточнить причины отказа возврата
232,2025-05-20,Поврежденный товар,"Товар приехал поврежденным и пользоваться им невозможно. Хотелось бы понять, что делать дальше.",Качество товара,Поврежденный товар неиспользуемый,negative,3,medium,,Проверить качество поставки
410,2025-05-21,Долгое ожидание,Очень долго ждал ответа оператора. Прошу помочь разобраться.,Поддержка,Долгое ожидание ответа,negative,2,low,,Увеличить количество операторов
297,2025-05-21,Задержка доставки,"Заказ должен был приехать вчера, но курьер так и не приехал. Если вопрос не решится, больше у вас покупать не буду.",Доставка,Задержка курьера,negative,5,high,,Ускорить доставку курьера
702,2025-05-21,Долгое ожидание,Очень долго ждал ответа оператора.,Поддержка,Долгое ожидание ответа,negative,2,low,,Оптимизировать обработку запросов
338,2025-05-22,Не начислены бонусы,За покупку не начислили обещанные бонусы.,Бонусная программа,Не начислены бонусы,negative,2,medium,,Проверить систему начисления бонусов
865,2025-05-22,Нет ответа,"Пишу в поддержку уже второй день, никто не отвечает. Прошу помочь разобраться.",Поддержка,Отсутствие ответа в поддержке,negative,3,medium,Отсутствие ответа в поддержке,Увеличить автоматизированную проверку ответов
192,2025-05-22,Качество поддержки,Оператор не смог решить мой вопрос и просто переключал меня между отделами.,Поддержка,Переключения между отделами,negative,3,medium,,Улучшить координацию между отделами
112,2025-05-23,Списание бонусов,Не получается использовать накопленные бонусы при оплате.,Бонусная программа,Проблема использования бонусов при оплате,negative,2,medium,,Проверить интеграцию бонусной системы с платежной системой
790,2025-05-23,Авторизация,"Не могу войти в личный кабинет. Надеюсь, вопрос получится быстро решить.",Личный кабинет,Проблема входа в личный кабинет,neutral,2,low,,Проверить доступ к личному кабинету
881,2025-05-23,Задержка доставки,"Заказ должен был приехать вчера, но курьер так и не приехал. Прошу помочь разобраться.",Доставка,Задержка курьера,negative,2,low,,Проверить статус доставки
919,2025-05-24,Задержка доставки,"Жду заказ уже несколько дней дольше обещанного срока. Если вопрос не решится, больше у вас покупать не буду.",Доставка,Задержка доставки,negative,5,high,,Ускорить доставку
948,2025-05-24,Брак,Получил товар с явным браком.,Качество товара,Брак товара,negative,4,high,,Проверить качество поставок
757,2025-05-24,Списание бонусов,Не получается использовать накопленные бонусы при оплате.,Бонусная программа,Проблема использования бонусов при оплате,negative,2,medium,,Проверить интеграцию бонусной системы с платежной системой
718,2025-05-24,Промокод,"Промокод указан как действующий, но система его не принимает. Очень недоволен этой ситуацией.",Цена,Проблема активации промокода,negative,3,medium,,Проверить валидность промокода в системе
191,2025-05-24,Промокод,"Промокод указан как действующий, но система его не принимает. Если вопрос не решится, больше у вас покупать не буду.",Цена,Проблема активации промокода,negative,5,high,,Проверить корректность промокода в системе
445,2025-05-25,Профиль,Не получается изменить номер телефона в профиле. Прошу помочь разобраться.,Личный кабинет,Ошибка изменения номера телефона,negative,2,low,,Проверить доступ к профилю
423,2025-05-25,Возврат денег,"Товар вернул неделю назад, а деньги еще не поступили. Очень недоволен этой ситуацией.",Возвраты,Задержка возврата средств,negative,3,medium,неправильная обработка возврата,Ускорить обработку возвратов
204,2025-05-25,Чек,Не получил электронный чек после покупки.,Документы,Отсутствие электронного чека после покупки,negative,2,low,,Уведомлять о чеке после оплаты
384,2025-05-26,Ошибка приложения,Приложение зависает при оформлении заказа. Прошу помочь разобраться.,Мобильное приложение,Зависание при оформлении заказа,negative,2,low,,Проверить стабильность приложения при оформлении заказа
838,2025-05-26,Отказ в возврате,Мне отказали в возврате товара без понятного объяснения.,Возвраты,Отказ в возврате без объяснения,negative,3,medium,,Уточнить причины отказа возврата
641,2025-05-27,Возврат товара,"Хочу вернуть товар, но не понимаю, как оформить возврат. Поддержка тоже не помогла.",Возвраты,Сложность оформления возврата,negative,2,medium,Неясность процесса возврата,Упростить процесс оформления возврата
878,2025-05-27,Качество поддержки,Оператор не смог решить мой вопрос и просто переключал меня между отделами. Поддержка тоже не помогла.,Поддержка,Переключения между отделами без решения,negative,3,medium,неправильная координация между отделами,Улучшить координацию между отделами
600,2025-05-27,Нет ответа,"Пишу в поддержку уже второй день, никто не отвечает. Очень недоволен этой ситуацией.",Поддержка,Отсутствие ответа в поддержке,negative,3,high,Отсутствие ответа в поддержке,Увеличить автоматизацию ответов в поддержке
290,2025-05-28,Авторизация,"Не могу войти в приложение, постоянно выбрасывает на экран входа.",Мобильное приложение,Ошибка входа в приложение,negative,3,medium,,Проверить аутентификацию на сервере
585,2025-05-28,Ошибка приложения,Приложение зависает при оформлении заказа.,Мобильное приложение,Зависание при оформлении заказа,negative,2,medium,,Оптимизировать процесс оформления заказа
587,2025-05-28,Повреждение,"Заказ приехал с поврежденной упаковкой. Подскажите, пожалуйста, как решить эту проблему.",Доставка,Поврежденная упаковка при доставке,negative,3,medium,Поврежденная уп:паковка при доставке,Проверить качество упаковки перед доставкой
462,2025-05-28,Ошибка оплаты,"Не могу оплатить заказ банковской картой, постоянно появляется ошибка.",Оплата,Ошибка оплаты банковской картой,negative,2,low,,Проверить интеграцию банковской карты
395,2025-05-29,Задержка доставки,"Заказ должен был приехать вчера, но курьер так и не приехал.",Доставка,Задержка курьера,negative,2,low,,Уточнить статус доставки у курьера
761,2025-05-30,Не начислены бонусы,За покупку не начислили обещанные бонусы. Прошу срочно решить проблему.,Бонусная программа,Не начислены бонусы,negative,4,high,,Проверить систему начисления бонусов
755,2025-05-30,Профиль,"Не получается изменить номер телефона в профиле. Хотелось бы понять, что делать дальше.",Личный кабинет,Не могу изменить номер телефона,negative,2,low,,Проверить доступ к профилю
256,2025-05-30,Поврежденный товар,"Товар приехал поврежденным и пользоваться им невозможно. Подскажите, пожалуйста, как решить эту проблему.",Качество товара,Поврежденный товар,negative,4,medium,Поврежденный товар при получении,Организовать замену поврежденного товара
924,2025-05-30,Возврат денег,"Деньги после отмены заказа до сих пор не вернулись. Если вопрос не решится, больше у вас покупать не буду.",Оплата,Ожидание возврата после отмены заказа,negative,5,high,Не вернулись деньги после отмены заказа,Ускорить обработку возвратов после отмены заказа
950,2025-06-01,Отказ в возврате,"Мне отказали в возврате товара без понятного объяснения. Хотелось бы понять, что делать дальше.",Возвраты,Отказ в возврате без объяснения,negative,3,medium,,Уточнить причины отказа возврата
309,2025-06-01,Корзина,"Добавляю товар в корзину, но он сразу исчезает. Поддержка тоже не помогла.",Мобильное приложение,Текст должен быть 3-7 слов,positive,2,low,,Проверить логику добавления в корзину
623,2025-06-01,Двойное списание,С карты дважды списали деньги за один заказ.,Оплата,Двойное списание заказа,negative,5,high,,Проверить систему списаний
305,2025-06-01,Ошибка оплаты,"Платеж отклоняется, хотя с картой все в порядке.",Оплата,Ошибка оплаты банковской картой,negative,2,low,,Проверить систему оплаты на ошибки
262,2025-06-02,Пропали бонусы,Из личного кабинета исчезли мои бонусные баллы. Очень недоволен этой ситуацией.,Бонусная программа,Бонусные баллы исчезли,negative,3,medium,,Проверить систему учета баллов
797,2025-06-02,Промокод,"Промокод указан как действующий, но система его не принимает.",Цена,Проблема с действующим промокодом,negative,2,low,,Проверить валидность промокода в системе
156,2025-06-02,Ошибка приложения,Приложение зависает при оформлении заказа. Прошу помочь разобраться.,Мобильное приложение,Зависание при оформлении заказа,negative,2,low,,Проверить стабильность приложения при оформлении заказа
566,2025-06-03,Несоответствие,Товар совсем не соответствует описанию на сайте. Прошу срочно решить проблему.,Качество товара,Несоответствие товара описанию,negative,4,high,,Исправить несоответствие товара описанию
123,2025-06-03,Отказ в возврате,"Мне отказали в возврате товара без понятного объяснения. Подскажите, пожалуйста, как решить эту проблему.",Возвраты,Отказ в возврате без объяснения,negative,3,medium,,Уточнить причины отказа возврата
512,2025-06-03,Пропали бонусы,Из личного кабинета исчезли мои бонусные баллы. Это уже не первый раз.,Бонусная программа,Бонусные баллы исчезли,negative,3,medium,,Проверить систему учета баллов
659,2025-06-04,Пропали бонусы,Из личного кабинета исчезли мои бонусные баллы. Прошу помочь разобраться.,Бонусная программа,Бонусные баллы исчезли,negative,3,medium,,Проверить логи баллов
87,2025-06-04,Качество поддержки,Оператор не смог решить мой вопрос и просто переключал меня между отделами. Прошу помочь разобраться.,Поддержка,Проблема с переключением между отделами,negative,2,medium,непонимание оператора,Улучшить процесс переключения между отделами
618,2025-06-04,Несоответствие,Товар совсем не соответствует описанию на сайте.,Качество товара,Несоответствие товара описанию,negative,3,medium,,Проверить описания товаров на соответствие реальному товару
763,2025-06-05,Задержка доставки,Жду заказ уже несколько дней дольше обещанного срока. Это уже не первый раз.,Доставка,Задержка доставки,negative,3,medium,,Ускорить обработку заказов
799,2025-06-06,Курьер,Курьер не приехал в назначенное время и не позвонил. Это уже не первый раз.,Доставка,Отсутствие уведомления о доставке,negative,2,medium,Отсутствие уведомления о доставке,Улучшить систему уведомлений курьером
101,2025-06-07,Ошибка оплаты,"Не могу оплатить заказ банковской картой, постоянно появляется ошибка. Если вопрос не решится, больше у вас покупать не буду.",Оплата,Ошибка оплаты банковской картой,negative,5,high,,Исправить ошибку оплаты банковской картой
980,2025-06-07,Корзина,"Добавляю товар в корзину, но он сразу исчезает.",Мобильное приложение,Товар исчезает из корзины,negative,3,medium,,Проверить логику добавления в корзину
481,2025-06-08,Отказ в возврате,"Мне отказали в возврате товара без понятного объяснения. Хотелось бы понять, что делать дальше.",Возвраты,Отказ в возврате без объяснения,negative,3,medium,,Уточнить причины отказа возврата
967,2025-06-08,Задержка доставки,"Заказ должен был приехать вчера, но курьер так и не приехал.",Доставка,Задержка курьера,negative,2,low,,Уточнить статус доставки у курьера
303,2025-06-08,Авторизация,"Не могу войти в личный кабинет. Надеюсь, вопрос получится быстро решить.",Личный кабинет,Проблема входа в личный кабинет,neutral,2,low,,Проверить доступ к личному кабинету
518,2025-06-08,Ошибка оплаты,"Платеж отклоняется, хотя с картой все в порядке. Прошу помочь разобраться.",Оплата,Ошибка оплаты банковской картой,negative,2,low,,Проверить данные карты и транзакцию
778,2025-06-09,Двойное списание,С карты дважды списали деньги за один заказ. Прошу помочь разобраться.,Оплата,Двойное списание заказа,negative,4,medium,,Проверить систему списаний
253,2025-06-09,Несоответствие,"Товар совсем не соответствует описанию на сайте. Подскажите, пожалуйста, как решить эту проблему.",Качество товара,Несоответствие товара описанию,negative,3,medium,,Проверить соответствие товара описанию
622,2025-06-09,Качество поддержки,"Оператор не смог решить мой вопрос и просто переключал меня между отделами. Если вопрос не решится, больше у вас покупать не буду.",Поддержка,Оператор не решает вопросы,negative,5,high,Оператор не решает вопросы,Улучшить процесс переключения между отделами
49,2025-06-09,Возврат денег,"Деньги после отмены заказа до сих пор не вернулись. Хотелось бы понять, что делать дальше.",Оплата,Отсутствие возврата после отмены заказа,negative,3,medium,,Ускорить обработку возвратов после отмены заказа
929,2025-06-10,Возврат денег,Деньги после отмены заказа до сих пор не вернулись. Поддержка тоже не помогла.,Оплата,Отсутствие возврата после отмены заказа,negative,4,medium,,Ускорить обработку возвратов после отмены заказа
546,2025-06-10,Задержка доставки,"Жду заказ уже несколько дней дольше обещанного срока. Хотелось бы понять, что делать дальше.",Доставка,Задержка доставки,negative,3,medium,,Уточнить причины задержки и уведомить клиента
856,2025-06-10,Возврат денег,Деньги после отмены заказа до сих пор не вернулись.,Оплата,Отсутствие возврата после отмены заказа,negative,3,medium,,Ускорить обработку возвратов после отмены заказа
117,2025-06-10,Отказ в возврате,Мне отказали в возврате товара без понятного объяснения.,Возвраты,Отказ в возврате без объяснения,negative,3,medium,,Уточнить причины отказа возврата
80,2025-06-10,Адрес доставки,"Курьер сообщил, что не может найти мой адрес.",Доставка,Проблема поиска адреса доставки,negative,2,low,,Проверить точность данных в системе доставки
122,2025-06-10,Нет ответа,"Пишу в поддержку уже второй день, никто не отвечает. Это уже не первый раз.",Поддержка,Отсутствие ответа в поддержке,negative,3,medium,Отсутствие ответа в поддержке,Увеличить автоматизацию ответов в поддержке
72,2025-06-10,Повреждение,"Заказ приехал с поврежденной упаковкой. Хотелось бы понять, что делать дальше.",Доставка,Поврежденная упаковка при доставке,negative,2,low,,Проверить качество упаковки перед доставкой
804,2025-06-11,Пропали бонусы,Из личного кабинета исчезли мои бонусные баллы.,Бонусная программа,Бонусные баллы исчезли,negative,3,medium,,Проверить систему учета баллов
79,2025-06-11,Изменилась цена,"В корзине цена товара оказалась выше, чем на странице товара. Очень недоволен этой ситуацией.",Цена,Неверная цена в корзине,negative,3,medium,,Проверить синхронизацию цен в корзине
926,2025-06-12,Возврат товара,"Хочу вернуть товар, но не понимаю, как оформить возврат.",Возвраты,Сложность оформления возврата,negative,2,low,не понимает как оформить возврат,Упростить процесс оформления возврата
520,2025-06-12,Долгое ожидание,"Очень долго ждал ответа оператора. Хотелось бы понять, что делать дальше.",Поддержка,Долгое ожидание ответа,negative,2,low,,Увеличить лимит одновременных консультаций
277,2025-06-12,Долгое ожидание,Очень долго ждал ответа оператора. Прошу срочно решить проблему.,Поддержка,Долгое ожидание ответа,negative,2,medium,,Увеличить скорость обработки запросов
268,2025-06-12,Ошибка приложения,"Приложение зависает при оформлении заказа. Подскажите, пожалуйста, как решить эту проблему.",Мобильное приложение,Ошибка при оформлении заказа,neutral,2,low,,Проверить стабильность приложения при оформлении заказа
684,2025-06-13,Скидка,Обещанная скидка не применилась при оформлении заказа.,Цена,Скидка не применилась при оформлении заказа,negative,2,medium,неизвестно,Проверить условия применения скидки
753,2025-06-14,Качество поддержки,Оператор не смог решить мой вопрос и просто переключал меня между отделами.,Поддержка,Переключения между отделами,negative,3,medium,,Улучшить координацию между отделами
824,2025-06-15,Счет,Не могу получить счет на заказ.,Документы,Отсутствие счета на заказ,negative,2,low,,Ускорить генерацию счетов
234,2025-06-15,Нет ответа,"Пишу в поддержку уже второй день, никто не отвечает.",Поддержка,Отсутствие ответа в поддержке,negative,3,medium,Отсутствие ответа в поддержке,Увеличить автоматизацию ответов в поддержке
42,2025-06-15,Возврат товара,"Хочу вернуть товар, но не понимаю, как оформить возврат. Если вопрос не решится, больше у вас покупать не буду.",Возвраты,Сложность оформления возврата,negative,5,high,Неясность процесса возврата,Упростить процесс оформления возврата
616,2025-06-15,Изменилась цена,"В корзине цена товара оказалась выше, чем на странице товара.",Цена,Неправильная цена в корзине,negative,2,low,,Проверить синхронизацию цен в корзине
342,2025-06-15,Курьер,Курьер не приехал в назначенное время и не позвонил.,Доставка,Отсутствие уведомления о доставке,negative,2,low,Отсутствие уведомления о доставке,Улучшить систему уведомлений курьера
283,2025-06-16,История заказов,В личном кабинете пропала история моих заказов.,Личный кабинет,Пропажа истории заказов,negative,3,medium,,Проверить базу данных заказов
378,2025-06-16,Профиль,"Не получается изменить номер телефона в профиле. Надеюсь, вопрос получится быстро решить.",Личный кабинет,Ошибка изменения номера телефона,neutral,2,low,,Проверить доступ к профилю
22,2025-06-16,Не начислены бонусы,За покупку не начислили обещанные бонусы.,Бонусная программа,Не начислены бонусы,negative,2,medium,,Проверить систему начисления бонусов
740,2025-06-16,Не начислены бонусы,За покупку не начислили обещанные бонусы.,Бонусная программа,Не начислены бонусы,negative,2,medium,,Проверить систему начисления бонусов
579,2025-06-16,Счет,Не могу получить счет на заказ. Прошу помочь разобраться.,Документы,Отсутствие счета на заказ,negative,2,low,,Проверить систему генерации счетов
388,2025-06-17,Адрес доставки,"Курьер сообщил, что не может найти мой адрес. Это уже не первый раз.",Доставка,Проблема поиска адреса доставки,negative,2,medium,,Проверить точность данных в системе доставки
883,2025-06-17,Ошибка оплаты,"Не могу оплатить заказ банковской картой, постоянно появляется ошибка.",Оплата,Ошибка оплаты банковской картой,negative,2,low,,Проверить интеграцию банковской карты
124,2025-06-17,Возврат денег,Деньги после отмены заказа до сих пор не вернулись. Прошу помочь разобраться.,Оплата,Отсутствие возврата после отмены заказа,negative,3,medium,,Проверить статус отмены заказа
631,2025-06-17,Списание бонусов,Не получается использовать накопленные бонусы при оплате.,Бонусная программа,Проблема использования бонусов при оплате,negative,2,medium,,Проверить интеграцию бонусной системы с платежной системой
933,2025-06-17,Задержка доставки,Жду заказ уже несколько дней дольше обещанного срока.,Доставка,Задержка доставки,negative,3,medium,,Ускорить обработку заказов
751,2025-06-18,Возврат денег,"Товар вернул неделю назад, а деньги еще не поступили. Прошу срочно решить проблему.",Возвраты,Задержка возврата средств,negative,4,high,Неизвестно,Ускорить обработку возвратов
425,2025-06-18,Адрес доставки,"Курьер сообщил, что не может найти мой адрес.",Доставка,Проблема поиска адреса доставки,negative,2,low,,Проверить точность данных в системе доставки
276,2025-06-18,Пропали бонусы,"Из личного кабинета исчезли мои бонусные баллы. Подскажите, пожалуйста, как решить эту проблему.",Бонусная программа,Бонусные баллы исчезли,negative,3,medium,,Проверить личный кабинет на наличие баллов
714,2025-06-19,Брак,"Получил товар с явным браком. Если вопрос не решится, больше у вас покупать не буду.",Качество товара,Брак товара,negative,5,high,Брак товара,Исправить брак и предложить компенсацию
334,2025-06-20,Задержка доставки,Жду заказ уже несколько дней дольше обещанного срока. Поддержка тоже не помогла.,Доставка,Задержка доставки,negative,3,medium,,Ускорить обработку заказов
475,2025-06-20,Курьер,Курьер не приехал в назначенное время и не позвонил. Прошу помочь разобраться.,Доставка,Отсутствие уведомления о доставке,negative,2,low,Отсутствие уведомления курьера,Установить автоматизированное уведомление о доставке
750,2025-06-20,Списание бонусов,Не получается использовать накопленные бонусы при оплате. Поддержка тоже не помогла.,Бонусная программа,Ошибка использования бонусов при оплате,negative,2,medium,,Проверить интеграцию бонусной системы с платежной системой
987,2025-06-21,Возврат денег,"Товар вернул неделю назад, а деньги еще не поступили.",Возвраты,Задержка возврата средств,negative,2,medium,,Ускорить обработку возвратов
612,2025-06-22,Профиль,Не получается изменить номер телефона в профиле. Очень недоволен этой ситуацией.,Личный кабинет,Невозможность изменения номера телефона,negative,2,medium,,Проверить доступ к профилю
189,2025-06-22,Курьер,Курьер не приехал в назначенное время и не позвонил.,Доставка,Отсутствие уведомления о доставке,negative,2,low,Отсутствие уведомления о доставке,Улучшить систему уведомлений курьера
476,2025-06-23,Авторизация,Не могу войти в личный кабинет. Прошу срочно решить проблему.,Личный кабинет,Проблема входа в личный кабинет,negative,4,high,,Проверить доступ к аккаунту
400,2025-06-23,Задержка доставки,Жду заказ уже несколько дней дольше обещанного срока.,Доставка,Задержка доставки,negative,3,medium,,Ускорить обработку заказов
373,2025-06-23,Двойное списание,С карты дважды списали деньги за один заказ. Прошу срочно решить проблему.,Оплата,Двойное списание заказа,negative,5,high,,Возврат средств за двойное списание
356,2025-06-23,История заказов,"В личном кабинете пропала история моих заказов. Подскажите, пожалуйста, как решить эту проблему.",Личный кабинет,Проблема отсутствия истории заказов,negative,2,medium,,Проверить базу данных заказов
377,2025-06-24,Курьер,Курьер не приехал в назначенное время и не позвонил. Это уже не первый раз.,Доставка,Отсутствие уведомления о доставке,negative,2,medium,Отсутствие уведомления о доставке,Улучшить систему уведомлений курьером
419,2025-06-25,Чек,Не получил электронный чек после покупки. Прошу помочь разобраться.,Документы,Отсутствие электронного чека после покупки,negative,2,low,,Проверить систему электронных чеков
92,2025-06-25,Курьер,Курьер не приехал в назначенное время и не позвонил. Прошу помочь разобраться.,Доставка,Отсутствие уведомления о доставке,negative,2,low,Отсутствие уведомления курьера,Установить автоматизированное уведомление о доставке
782,2025-06-25,Качество поддержки,Оператор не смог решить мой вопрос и просто переключал меня между отделами. Поддержка тоже не помогла.,Поддержка,Переключения между отделами без решения,negative,3,medium,неправильная координация между отделами,Улучшить координацию между отделами
996,2025-06-25,Адрес доставки,"Курьер сообщил, что не может найти мой адрес.",Доставка,Проблема поиска адреса доставки,negative,2,low,,Проверить точность данных в системе доставки
540,2025-06-26,Чек,Не получил электронный чек после покупки. Поддержка тоже не помогла.,Документы,Отсутствие электронного чека после покупки,negative,2,low,,Проверить автоматическую отправку чеков
11,2025-06-26,Нет ответа,"Пишу в поддержку уже второй день, никто не отвечает. Это уже не первый раз.",Поддержка,Отсутствие ответа в поддержке,negative,3,medium,Отсутствие ответа в поддержке,Увеличить автоматизацию ответов в поддержке
985,2025-06-27,Чек,Не получил электронный чек после покупки. Очень недоволен этой ситуацией.,Документы,Отсутствие электронного чека после покупки,negative,2,low,,Убедиться в автоматическом отправке электронных чеков
725,2025-06-27,Адрес доставки,"Курьер сообщил, что не может найти мой адрес.",Доставка,Проблема поиска адреса доставки,negative,2,low,,Проверить точность данных в системе доставки
511,2025-06-27,Корзина,"Добавляю товар в корзину, но он сразу исчезает. Если вопрос не решится, больше у вас покупать не буду.",Мобильное приложение,"Текст короткий и понятный, но нужно убрать лишнее. В тексте клиент говорит, что товар исчезает из корзины после добавления. Нужно создать название проблемы в 3-7 словах без слов 'клиент', 'пользователь', 'человек'. Примеры: 'Ошибка оплаты банковской картой' — 4 слова, 'Сложность оформления возврата' — 4 слова, 'Проблема поиска адреса доставки' — ... В данном случае проблема — товар исчезает из корзины после добавления. Можно назвать как 'Товар исчезает из корзины' — 5 слов. Но нужно проверить, не слишком ли длинно. Или 'Проблема добавления товара в корзину' — 5 слов. Но в примерах использованы краткие формулировки. В примере 'Ошибка оплаты банковской картой' — это проблема с оплатой, а здесь проблема с добавлением товара в корзину. Возможно, лучше 'Товар исчезает после добавления в корзину' — 6 слов. Но в тексте клиент говорит ",negative,5,high,,Проверить логику добавления товара в корзину
650,2025-06-27,Задержка доставки,"Жду заказ уже несколько дней дольше обещанного срока. Если вопрос не решится, больше у вас покупать не буду.",Доставка,Задержка доставки,negative,5,high,,Ускорить доставку
645,2025-06-28,Повреждение,"Заказ приехал с поврежденной упаковкой. Подскажите, пожалуйста, как решить эту проблему.",Доставка,Поврежденная упаковка при доставке,negative,3,medium,Поврежденная уп:паковка при доставке,Проверить качество упаковки перед доставкой
402,2025-06-28,Двойное списание,С карты дважды списали деньги за один заказ.,Оплата,Двойное списание заказа,negative,5,high,,Проверить систему списаний
860,2025-06-29,Авторизация,"Не могу войти в приложение, постоянно выбрасывает на экран входа. Если вопрос не решится, больше у вас покупать не буду.",Мобильное приложение,Ошибка авторизации,negative,5,high,,Проверить работу авторизации
428,2025-06-29,Адрес доставки,"Курьер сообщил, что не может найти мой адрес.",Доставка,Проблема поиска адреса доставки,negative,2,low,,Проверить точность данных в системе доставки
494,2025-06-30,Долгое ожидание,Очень долго ждал ответа оператора.,Поддержка,Долгое ожидание ответа,negative,2,low,,Оптимизировать обработку запросов
365,2025-06-30,Повреждение,Заказ приехал с поврежденной упаковкой.,Доставка,Поврежденная упаковка при доставке,negative,2,low,,Проверить качество упаковки перед доставкой
550,2025-06-30,Курьер,"Курьер не приехал в назначенное время и не позвонил. Хотелось бы понять, что делать дальше.",Доставка,Отсутствие уведомления о доставке,negative,2,low,Отсутствие уведомления курьера,Установить автоматическое уведомление курьера
693,2025-06-30,Повреждение,"Заказ приехал с поврежденной упаковкой. Хотелось бы понять, что делать дальше.",Доставка,Поврежденная упаковка при доставке,negative,2,low,,Проверить качество упаковки перед доставкой
947,2025-07-01,Задержка доставки,Жду заказ уже несколько дней дольше обещанного срока.,Доставка,Задержка доставки,negative,3,medium,,Ускорить обработку заказов
706,2025-07-01,Адрес доставки,"Курьер сообщил, что не может найти мой адрес.",Доставка,Проблема поиска адреса доставки,negative,2,low,,Проверить точность данных в системе доставки
363,2025-07-01,Списание бонусов,Не получается использовать накопленные бонусы при оплате. Прошу срочно решить проблему.,Бонусная программа,Проблема использования бонусов при оплате,negative,4,high,,Проверить интеграцию бонусной системы с платежной системой
483,2025-07-02,Не начислены бонусы,За покупку не начислили обещанные бонусы. Прошу срочно решить проблему.,Бонусная программа,Не начислены бонусы,negative,4,high,,Проверить систему начисления бонусов
295,2025-07-03,Несоответствие,Товар совсем не соответствует описанию на сайте.,Качество товара,Несоответствие товара описанию,negative,3,medium,,Проверить описания товаров на соответствие реальному товару
805,2025-07-03,Скидка,Обещанная скидка не применилась при оформлении заказа.,Цена,Скидка не применилась при оформлении заказа,negative,2,medium,неизвестно,Проверить условия применения скидки
102,2025-07-03,Задержка доставки,Жду заказ уже несколько дней дольше обещанного срока. Очень недоволен этой ситуацией.,Доставка,Задержка доставки,negative,4,high,,Ускорить обработку заказов
341,2025-07-03,Авторизация,"Не могу войти в личный кабинет. Надеюсь, вопрос получится быстро решить.",Личный кабинет,Проблема входа в личный кабинет,neutral,2,low,,Проверить доступ к личному кабинету
469,2025-07-04,Повреждение,Заказ приехал с поврежденной упаковкой. Прошу помочь разобраться.,Доставка,Поврежденная упаковка при доставке,negative,2,low,,Проверить качество упаковки перед доставкой
516,2025-07-04,Поврежденный товар,"Товар приехал поврежденным и пользоваться им невозможно. Хотелось бы понять, что делать дальше.",Качество товара,Поврежденный товар неиспользуемый,negative,3,medium,,Проверить качество поставки
43,2025-07-05,Списание бонусов,Не получается использовать накопленные бонусы при оплате.,Бонусная программа,Проблема использования бонусов при оплате,negative,2,medium,,Проверить интеграцию бонусной системы с платежной системой
433,2025-07-05,Задержка доставки,Жду заказ уже несколько дней дольше обещанного срока.,Доставка,Задержка доставки,negative,3,medium,,Ускорить обработку заказов
556,2025-07-05,Брак,"Получил товар с явным браком. Подскажите, пожалуйста, как решить эту проблему.",Качество товара,Брак товара,negative,3,medium,,Проверить качество поставок
304,2025-07-06,Ошибка приложения,"После обновления приложение перестало запускаться. Если вопрос не решится, больше у вас покупать не буду.",Мобильное приложение,Приложение не запускается после обновления,negative,5,high,,Вернуть приложение в исходную версию
560,2025-07-07,Авторизация,"Не могу войти в приложение, постоянно выбрасывает на экран входа. Надеюсь, вопрос получится быстро решить.",Мобильное приложение,Ошибка входа в приложение,neutral,2,low,,Проверить аутентификацию на сервере
874,2025-07-07,Брак,Получил товар с явным браком. Поддержка тоже не помогла.,Качество товара,Брак товара,negative,4,high,,Проверить качество поставок
307,2025-07-07,Поврежденный товар,Товар приехал поврежденным и пользоваться им невозможно. Прошу срочно решить проблему.,Качество товара,Поврежденный товар,negative,5,high,,Исправить повреждение и отправить новый товар
503,2025-07-07,Возврат денег,Деньги после отмены заказа до сих пор не вернулись.,Оплата,Отсутствие возврата после отмены заказа,negative,3,medium,,Ускорить обработку возвратов после отмены заказа
554,2025-07-07,Корзина,"Добавляю товар в корзину, но он сразу исчезает.",Мобильное приложение,Товар исчезает из корзины,negative,3,medium,,Проверить логику добавления в корзину
792,2025-07-07,Ошибка оплаты,"Платеж отклоняется, хотя с картой все в порядке.",Оплата,Ошибка оплаты банковской картой,negative,2,low,,Проверить систему оплаты на ошибки
330,2025-07-08,Несоответствие,Товар совсем не соответствует описанию на сайте.,Качество товара,Несоответствие товара описанию,negative,3,medium,,Проверить описания товаров на соответствие реальному товару
485,2025-07-08,Возврат денег,"Товар вернул неделю назад, а деньги еще не поступили. Это уже не первый раз.",Возвраты,Задержка возврата средств,negative,3,medium,неправильная обработка возврата,Ускорить обработку возвратов
541,2025-07-09,Возврат товара,"Хочу вернуть товар, но не понимаю, как оформить возврат.",Возвраты,Сложность оформления возврата,negative,2,low,не понимает как оформить возврат,Упростить процесс оформления возврата
18,2025-07-09,Возврат денег,Деньги после отмены заказа до сих пор не вернулись. Это уже не первый раз.,Оплата,Отсутствие возврата после отмены заказа,negative,3,medium,,Ускорить обработку возвратов после отмены заказа
891,2025-07-10,Курьер,Курьер не приехал в назначенное время и не позвонил. Это уже не первый раз.,Доставка,Отсутствие уведомления о доставке,negative,2,medium,Отсутствие уведомления о доставке,Улучшить систему уведомлений курьером
284,2025-07-11,Двойное списание,С карты дважды списали деньги за один заказ. Прошу помочь разобраться.,Оплата,Двойное списание заказа,negative,4,medium,,Проверить систему списаний
707,2025-07-11,Счет,"Не могу получить счет на заказ. Надеюсь, вопрос получится быстро решить.",Документы,Отсутствие счета на заказ,neutral,2,low,,Проверить систему генерации счетов
775,2025-07-11,Двойное списание,С карты дважды списали деньги за один заказ.,Оплата,Двойное списание заказа,negative,5,high,,Проверить систему списаний
643,2025-07-11,Счет,"Не могу получить счет на заказ. Хотелось бы понять, что делать дальше.",Документы,Отсутствие счета на заказ,negative,2,low,,Проверить автоматическую генерацию счетов
41,2025-07-11,Ошибка приложения,"После обновления приложение перестало запускаться. Надеюсь, вопрос получится быстро решить.",Мобильное приложение,Приложение не запускается после обновления,neutral,2,low,,Проверить стабильность обновления приложения
454,2025-07-11,Задержка доставки,"Заказ должен был приехать вчера, но курьер так и не приехал.",Доставка,Задержка курьера,negative,2,low,,Уточнить статус доставки у курьера
974,2025-07-11,Ошибка приложения,"Приложение зависает при оформлении заказа. Надеюсь, вопрос получится быстро решить.",Мобильное приложение,Зависание при оформлении заказа,neutral,2,low,,Оптимизировать процесс оформления заказа
580,2025-07-12,Задержка доставки,"Жду заказ уже несколько дней дольше обещанного срока. Хотелось бы понять, что делать дальше.",Доставка,Задержка доставки,negative,3,medium,,Уточнить причины задержки и уведомить клиента
438,2025-07-12,Задержка доставки,Жду заказ уже несколько дней дольше обещанного срока. Прошу срочно решить проблему.,Доставка,Задержка доставки,negative,4,medium,,Ускорить обработку заказов
644,2025-07-13,Двойное списание,С карты дважды списали деньги за один заказ. Очень недоволен этой ситуацией.,Оплата,Двойное списание заказа,negative,5,high,,Проверить систему списаний
711,2025-07-14,Ошибка оплаты,"Платеж отклоняется, хотя с картой все в порядке.",Оплата,Ошибка оплаты банковской картой,negative,2,low,,Проверить систему оплаты на ошибки
649,2025-07-14,Авторизация,"Не могу войти в личный кабинет. Хотелось бы понять, что делать дальше.",Личный кабинет,Проблема входа в личный кабинет,negative,2,low,,Проверить доступ к личному кабинету
68,2025-07-14,Адрес доставки,"Курьер сообщил, что не может найти мой адрес.",Доставка,Проблема поиска адреса доставки,negative,2,low,,Проверить точность данных в системе доставки
33,2025-07-15,Поврежденный товар,Товар приехал поврежденным и пользоваться им невозможно. Прошу помочь разобраться.,Качество товара,Поврежденный товар,negative,4,medium,,Проверить логистику и упаковку
857,2025-07-15,Авторизация,Не могу войти в личный кабинет. Очень недоволен этой ситуацией.,Личный кабинет,Ошибка входа в личный кабин: 3 слова,negative,4,high,,Проверить доступ к личному кабинету
544,2025-07-16,Списание бонусов,Не получается использовать накопленные бонусы при оплате.,Бонусная программа,Проблема использования бонусов при оплате,negative,2,medium,,Проверить интеграцию бонусной системы с платежной системой
617,2025-07-16,Курьер,Курьер не приехал в назначенное время и не позвонил.,Доставка,Отсутствие уведомления о доставке,negative,2,low,Отсутствие уведомления о доставке,Улучшить систему уведомлений курьера
500,2025-07-16,Изменилась цена,"В корзине цена товара оказалась выше, чем на странице товара. Надеюсь, вопрос получится быстро решить.",Цена,Соотношение цен в корзине и товара,neutral,2,low,,Проверить синхронизацию цен в корзине
267,2025-07-16,Адрес доставки,"Курьер сообщил, что не может найти мой адрес.",Доставка,Проблема поиска адреса доставки,negative,2,low,,Проверить точность данных в системе доставки
118,2025-07-17,Изменилась цена,"В корзине цена товара оказалась выше, чем на странице товара.",Цена,Неправильная цена в корзине,negative,2,low,,Проверить синхронизацию цен в корзине
873,2025-07-18,Пропали бонусы,"Из личного кабинета исчезли мои бонусные баллы. Подскажите, пожалуйста, как решить эту проблему.",Бонусная программа,Бонусные баллы исчезли,negative,3,medium,,Проверить личный кабинет на наличие баллов
734,2025-07-19,Задержка доставки,"Заказ должен был приехать вчера, но курьер так и не приехал.",Доставка,Задержка курьера,negative,2,low,,Уточнить статус доставки у курьера
159,2025-07-19,Ошибка оплаты,"Платеж отклоняется, хотя с картой все в порядке. Это уже не первый раз.",Оплата,Ошибка оплаты банковской картой,negative,3,medium,,Проверить систему оплаты на ошибки
869,2025-07-20,Задержка доставки,"Заказ должен был приехать вчера, но курьер так и не приехал. Поддержка тоже не помогла.",Доставка,Задержка курьера,negative,2,medium,,Уточнить статус доставки у курьера
795,2025-07-20,Поврежденный товар,Товар приехал поврежденным и пользоваться им невозможно.,Качество товара,Поврежденный товар,negative,5,high,,Исправить доставку и проверку товара
925,2025-07-21,Качество поддержки,Оператор не смог решить мой вопрос и просто переключал меня между отделами.,Поддержка,Переключения между отделами,negative,3,medium,,Улучшить координацию между отделами
588,2025-07-22,Авторизация,Не могу войти в личный кабинет.,Личный кабинет,Проблема входа в личный кабинет,negative,2,low,,Проверить доступ к личному кабинету
848,2025-07-22,Качество поддержки,Оператор не смог решить мой вопрос и просто переключал меня между отделами. Это уже не первый раз.,Поддержка,Переключения между отделами,negative,3,medium,неправильная координация между отделами,Улучшить координацию между отделами
934,2025-07-22,Отказ в возврате,Мне отказали в возврате товара без понятного объяснения.,Возвраты,Отказ в возврате без объяснения,negative,3,medium,,Уточнить причины отказа возврата
312,2025-07-23,Документы,В документах к заказу указаны неверные данные.,Документы,Неверные данные в документах заказа,negative,2,low,,Проверить данные в документах заказа
727,2025-07-23,Счет,Не могу получить счет на заказ.,Документы,Отсутствие счета на заказ,negative,2,low,,Ускорить генерацию счетов
721,2025-07-23,Скидка,Обещанная скидка не применилась при оформлении заказа.,Цена,Скидка не применилась при оформлении заказа,negative,2,medium,неизвестно,Проверить условия применения скидки
243,2025-07-25,Профиль,Не получается изменить номер телефона в профиле.,Личный кабинет,Ошибка изменения номера телефона,negative,2,low,,Проверить доступ к профилю
555,2025-07-25,Повреждение,Заказ приехал с поврежденной упаковкой.,Доставка,Поврежденная упаковка при доставке,negative,2,low,,Проверить качество упаковки перед доставкой
61,2025-07-26,Ошибка приложения,После обновления приложение перестало запускаться.,Мобильное приложение,Приложение не запускается после обновления,negative,2,low,,Проверить стабильность обновления приложения
786,2025-07-27,Нет ответа,"Пишу в поддержку уже второй день, никто не отвечает. Очень недоволен этой ситуацией.",Поддержка,Отсутствие ответа в поддержке,negative,3,high,Отсутствие ответа в поддержке,Увеличить автоматизацию ответов в поддержке
936,2025-07-27,Пропали бонусы,Из личного кабинета исчезли мои бонусные баллы. Это уже не первый раз.,Бонусная программа,Бонусные баллы исчезли,negative,3,medium,,Проверить систему учета баллов
621,2025-07-27,Качество поддержки,Оператор не смог решить мой вопрос и просто переключал меня между отделами. Поддержка тоже не помогла.,Поддержка,Переключения между отделами без решения,negative,3,medium,неправильная координация между отделами,Улучшить координацию между отделами
327,2025-07-28,Скидка,Обещанная скидка не применилась при оформлении заказа.,Цена,Скидка не применилась при оформлении заказа,negative,2,medium,неизвестно,Проверить условия применения скидки
152,2025-07-28,Ошибка оплаты,"Платеж отклоняется, хотя с картой все в порядке. Подскажите, пожалуйста, как решить эту проблему.",Оплата,Ошибка оплаты банковской картой,neutral,2,low,,Проверить данные карты на сервере
738,2025-07-28,Задержка доставки,"Заказ должен был приехать вчера, но курьер так и не приехал.",Доставка,Задержка курьера,negative,2,low,,Уточнить статус доставки у курьера
104,2025-07-28,Документы,В документах к заказу указаны неверные данные.,Документы,Неверные данные в документах заказа,negative,2,low,,Проверить данные в документах заказа
58,2025-07-28,Задержка доставки,"Заказ должен был приехать вчера, но курьер так и не приехал. Очень недоволен этой ситуацией.",Доставка,Задержка доставки,negative,2,low,,Уточнить статус заказа у курьера
762,2025-07-29,Нет ответа,"Пишу в поддержку уже второй день, никто не отвечает. Очень недоволен этой ситуацией.",Поддержка,Отсутствие ответа в поддержке,negative,3,high,Отсутствие ответа в поддержке,Увеличить автоматизацию ответов в поддержке
242,2025-07-30,Долгое ожидание,Очень долго ждал ответа оператора. Очень недоволен этой ситуацией.,Поддержка,Долгое ожидание ответа,negative,2,medium,недостаточное количество операторов,Увеличить количество операторов
285,2025-07-30,Брак,Получил товар с явным браком.,Качество товара,Брак товара,negative,4,high,,Проверить качество поставок
826,2025-07-30,Скидка,Обещанная скидка не применилась при оформлении заказа. Прошу срочно решить проблему.,Цена,Скидка не применилась при оформлении,negative,3,medium,неизвестно,Проверить условия применения скидки
861,2025-07-30,Долгое ожидание,Очень долго ждал ответа оператора. Прошу срочно решить проблему.,Поддержка,Долгое ожидание ответа,negative,2,medium,,Увеличить скорость обработки запросов
701,2025-07-30,Повреждение,Заказ приехал с поврежденной упаковкой. Это уже не первый раз.,Доставка,Поврежденная упаковка при доставке,negative,3,medium,Поврежденная уп: не указано,Проверить качество упаковки перед доставкой
519,2025-07-30,Ошибка приложения,После обновления приложение перестало запускаться.,Мобильное приложение,Приложение не запускается после обновления,negative,2,low,,Проверить стабильность обновления приложения
107,2025-07-30,Профиль,Не получается изменить номер телефона в профиле. Поддержка тоже не помогла.,Личный кабинет,Ошибка изменения номера телефона,negative,2,low,,Проверить доступ к профилю
685,2025-07-31,Задержка доставки,Жду заказ уже несколько дней дольше обещанного срока. Это уже не первый раз.,Доставка,Задержка доставки,negative,3,medium,,Ускорить обработку заказов
106,2025-07-31,Курьер,Курьер не приехал в назначенное время и не позвонил. Поддержка тоже не помогла.,Доставка,Отсутствие уведомления о доставке,negative,2,low,,Улучшить систему уведомлений курьера
991,2025-07-31,Возврат денег,"Товар вернул неделю назад, а деньги еще не поступили.",Возвраты,Задержка возврата средств,negative,2,medium,,Ускорить обработку возвратов
741,2025-07-31,Ошибка оплаты,"Не могу оплатить заказ банковской картой, постоянно появляется ошибка. Это уже не первый раз.",Оплата,Ошибка оплаты банковской картой,negative,3,medium,,Проверить интеграцию банковской карты
879,2025-08-01,Ошибка оплаты,"Платеж отклоняется, хотя с картой все в порядке.",Оплата,Ошибка оплаты банковской картой,negative,2,low,,Проверить систему оплаты на ошибки
326,2025-08-01,Долгое ожидание,"Очень долго ждал ответа оператора. Надеюсь, вопрос получится быстро решить.",Поддержка,Долгое ожидание ответа,neutral,2,low,,Оптимизировать время ответа операторов
136,2025-08-01,Пропали бонусы,Из личного кабинета исчезли мои бонусные баллы.,Бонусная программа,Бонусные баллы исчезли,negative,3,medium,,Проверить систему учета баллов
808,2025-08-01,Ошибка приложения,"Приложение зависает при оформлении заказа. Хотелось бы понять, что делать дальше.",Мобильное приложение,Зависание при оформлении заказа,neutral,2,low,,Оптимизировать процесс оформления заказа
665,2025-08-02,Возврат денег,"Деньги после отмены заказа до сих пор не вернулись. Подскажите, пожалуйста, как решить эту проблему.",Оплата,Отсутствие возврата после отмены заказа,negative,2,medium,,Проверить статус отмены заказа и активировать возврат
669,2025-08-02,Брак,"Получил товар с явным браком. Подскажите, пожалуйста, как решить эту проблему.",Качество товара,Брак товара,negative,3,medium,,Проверить качество поставок
468,2025-08-02,Задержка доставки,"Заказ должен был приехать вчера, но курьер так и не приехал. Прошу помочь разобраться.",Доставка,Задержка курьера,negative,2,low,,Проверить статус доставки
569,2025-08-02,Несоответствие,Товар совсем не соответствует описанию на сайте. Прошу срочно решить проблему.,Качество товара,Несоответствие товара описанию,negative,4,high,,Исправить несоответствие товара описанию
903,2025-08-02,Скидка,Обещанная скидка не применилась при оформлении заказа.,Цена,Скидка не применилась при оформлении заказа,negative,2,medium,неизвестно,Проверить условия применения скидки
325,2025-08-03,Несоответствие,Товар совсем не соответствует описанию на сайте.,Качество товара,Несоответствие товара описанию,negative,3,medium,,Проверить описания товаров на соответствие реальному товару
78,2025-08-03,Качество поддержки,Оператор не смог решить мой вопрос и просто переключал меня между отделами. Прошу помочь разобраться.,Поддержка,Проблема с переключением между отделами,negative,2,medium,непонимание оператора,Улучшить процесс переключения между отделами
952,2025-08-03,Повреждение,Заказ приехал с поврежденной упаковкой.,Доставка,Поврежденная упаковка при доставке,negative,2,low,,Проверить качество упаковки перед доставкой
576,2025-08-03,Задержка доставки,"Жду заказ уже несколько дней дольше обещанного срока. Подскажите, пожалуйста, как решить эту проблему.",Доставка,Задержка доставки,negative,3,medium,,Уточнить причины задержки и уведомить клиента о планах по исправлению
446,2025-08-03,Чек,Не получил электронный чек после покупки. Поддержка тоже не помогла.,Документы,Отсутствие электронного чека после покупки,negative,2,low,,Проверить автоматическую отправку чеков
746,2025-08-04,Задержка доставки,"Заказ должен был приехать вчера, но курьер так и не приехал.",Доставка,Задержка курьера,negative,2,low,,Уточнить статус доставки у курьера
166,2025-08-04,Задержка доставки,"Заказ должен был приехать вчера, но курьер так и не приехал. Хотелось бы понять, что делать дальше.",Доставка,Задержка курьера,negative,2,low,,Уточнить статус доставки у курьера
63,2025-08-05,Адрес доставки,"Курьер сообщил, что не может найти мой адрес.",Доставка,Проблема поиска адреса доставки,negative,2,low,,Проверить точность данных в системе доставки
764,2025-08-05,Авторизация,"Не могу войти в личный кабинет. Хотелось бы понять, что делать дальше.",Личный кабинет,Проблема входа в личный кабинет,negative,2,low,,Проверить доступ к личному кабинету
489,2025-08-06,Повреждение,Заказ приехал с поврежденной упаковкой. Прошу срочно решить проблему.,Доставка,Поврежденная упаковка при доставке,negative,3,medium,Поврежденная уп:паковка при доставке,Проверить качество упаковки перед доставкой
614,2025-08-07,Возврат товара,"Хочу вернуть товар, но не понимаю, как оформить возврат. Подскажите, пожалуйста, как решить эту проблему.",Возвраты,Сложность оформления возврата,neutral,2,low,неизвестно,Упростить процесс оформления возврата
28,2025-08-08,Скидка,Обещанная скидка не применилась при оформлении заказа.,Цена,Скидка не применилась при оформлении заказа,negative,2,medium,неизвестно,Проверить условия применения скидки
180,2025-08-08,Нет ответа,"Пишу в поддержку уже второй день, никто не отвечает. Прошу помочь разобраться.",Поддержка,Отсутствие ответа в поддержке,negative,3,medium,Отсутствие ответа в поддержке,Увеличить автоматизированную проверку ответов
864,2025-08-08,Задержка доставки,Жду заказ уже несколько дней дольше обещанного срока.,Доставка,Задержка доставки,negative,3,medium,,Ускорить обработку заказов
369,2025-08-08,Пропали бонусы,"Из личного кабинета исчезли мои бонусные баллы. Надеюсь, вопрос получится быстро решить.",Бонусная программа,Бонусные баллы исчезли,neutral,2,low,,Проверить систему учета баллов
893,2025-08-08,Задержка доставки,"Заказ должен был приехать вчера, но курьер так и не приехал.",Доставка,Задержка курьера,negative,2,low,,Уточнить статус доставки у курьера
163,2025-08-08,Адрес доставки,"Курьер сообщил, что не может найти мой адрес.",Доставка,Проблема поиска адреса доставки,negative,2,low,,Проверить точность данных в системе доставки
789,2025-08-08,Двойное списание,С карты дважды списали деньги за один заказ.,Оплата,Двойное списание заказа,negative,5,high,,Проверить систему списаний
389,2025-08-09,Адрес доставки,"Курьер сообщил, что не может найти мой адрес. Прошу помочь разобраться.",Доставка,Проблема поиска адреса доставки,negative,2,low,,Проверить корректность адреса в системе
772,2025-08-09,Задержка доставки,"Заказ должен был приехать вчера, но курьер так и не приехал.",Доставка,Задержка курьера,negative,2,low,,Уточнить статус доставки у курьера
59,2025-08-09,Ошибка оплаты,"Платеж отклоняется, хотя с картой все в порядке. Хотелось бы понять, что делать дальше.",Оплата,Ошибка оплаты банковской картой,negative,2,low,,Проверить данные карты и транзакцию
121,2025-08-09,Курьер,"Курьер не приехал в назначенное время и не позвонил. Надеюсь, вопрос получится быстро решить.",Доставка,Отсутствие уведомления о доставке,neutral,2,low,Отсутствие уведомления курьера,Установить автоматическое уведомление курьера
737,2025-08-09,Отказ в возврате,Мне отказали в возврате товара без понятного объяснения. Прошу помочь разобраться.,Возвраты,Отказ в возврате без объяснения,negative,2,medium,,Уточнить причины отказа в возврате
360,2025-08-10,Курьер,Курьер не приехал в назначенное время и не позвонил. Поддержка тоже не помогла.,Доставка,Отсутствие уведомления о доставке,negative,2,low,,Улучшить систему уведомлений курьера
421,2025-08-13,Документы,В документах к заказу указаны неверные данные. Прошу помочь разобраться.,Документы,Неверные данные в документах заказа,negative,2,low,,Проверить данные заказа
990,2025-08-13,Авторизация,"Не могу войти в приложение, постоянно выбрасывает на экран входа. Если вопрос не решится, больше у вас покупать не буду.",Мобильное приложение,Ошибка авторизации,negative,5,high,,Проверить работу авторизации
440,2025-08-13,Курьер,Курьер не приехал в назначенное время и не позвонил. Очень недоволен этой ситуацией.,Доставка,Отсутствие уведомления о доставке,negative,2,medium,Отсутствие уведомления о доставке,Улучшить систему уведомлений курьером
148,2025-08-14,Курьер,Курьер не приехал в назначенное время и не позвонил.,Доставка,Отсутствие уведомления о доставке,negative,2,low,Отсутствие уведомления о доставке,Улучшить систему уведомлений курьера
486,2025-08-14,Скидка,Обещанная скидка не применилась при оформлении заказа.,Цена,Скидка не применилась при оформлении заказа,negative,2,medium,неизвестно,Проверить условия применения скидки
210,2025-08-14,Ошибка оплаты,"Не могу оплатить заказ банковской картой, постоянно появляется ошибка.",Оплата,Ошибка оплаты банковской картой,negative,2,low,,Проверить интеграцию банковской карты
249,2025-08-15,Авторизация,"Не могу войти в приложение, постоянно выбрасывает на экран входа.",Мобильное приложение,Ошибка входа в приложение,negative,3,medium,,Проверить аутентификацию на сервере
291,2025-08-15,Промокод,"Промокод указан как действующий, но система его не принимает.",Цена,Проблема с действующим промокодом,negative,2,low,,Проверить валидность промокода в системе
381,2025-08-15,Долгое ожидание,"Очень долго ждал ответа оператора. Надеюсь, вопрос получится быстро решить.",Поддержка,Долгое ожидание ответа,neutral,2,low,,Оптимизировать время ответа операторов
382,2025-08-15,Двойное списание,С карты дважды списали деньги за один заказ. Поддержка тоже не помогла.,Оплата,Двойное списание заказа,negative,4,medium,,Проверить систему списаний
590,2025-08-15,Качество поддержки,"Оператор не смог решить мой вопрос и просто переключал меня между отделами. Хотелось бы понять, что делать дальше.",Поддержка,Проблема переключения между отделами,negative,3,medium,непонимание оператора,Улучшить процесс переключения между отделами
502,2025-08-16,Авторизация,"Не могу войти в приложение, постоянно выбрасывает на экран входа. Прошу помочь разобраться.",Мобильное приложение,Ошибка входа в приложение,negative,2,low,,Проверить аутентификацию на сервере
852,2025-08-16,Курьер,Курьер не приехал в назначенное время и не позвонил. Прошу срочно решить проблему.,Доставка,Отсутствие уведомления о доставке,negative,4,medium,Отсутствие уведомления о доставке,Уведомлять курьера о задержке доставки
628,2025-08-17,Поврежденный товар,Товар приехал поврежденным и пользоваться им невозможно.,Качество товара,Поврежденный товар,negative,5,high,,Исправить доставку и проверку товара
492,2025-08-17,Долгое ожидание,Очень долго ждал ответа оператора.,Поддержка,Долгое ожидание ответа,negative,2,low,,Оптимизировать обработку запросов
7,2025-08-18,Брак,Получил товар с явным браком. Поддержка тоже не помогла.,Качество товара,Брак товара,negative,4,high,,Проверить качество поставок
442,2025-08-18,Задержка доставки,Жду заказ уже несколько дней дольше обещанного срока.,Доставка,Задержка доставки,negative,3,medium,,Ускорить обработку заказов
994,2025-08-20,Задержка доставки,"Заказ должен был приехать вчера, но курьер так и не приехал.",Доставка,Задержка курьера,negative,2,low,,Уточнить статус доставки у курьера
831,2025-08-20,Задержка доставки,"Заказ должен был приехать вчера, но курьер так и не приехал. Подскажите, пожалуйста, как решить эту проблему.",Доставка,Задержка курьера,negative,2,low,,Уточнить статус доставки
224,2025-08-21,Задержка доставки,"Жду заказ уже несколько дней дольше обещанного срока. Если вопрос не решится, больше у вас покупать не буду.",Доставка,Задержка доставки,negative,5,high,,Ускорить доставку
607,2025-08-21,Документы,В документах к заказу указаны неверные данные. Прошу помочь разобраться.,Документы,Неверные данные в документах заказа,negative,2,low,,Проверить данные заказа
69,2025-08-21,Повреждение,Заказ приехал с поврежденной упаковкой. Очень недоволен этой ситуацией.,Доставка,Поврежденная упаковка при доставке,negative,3,medium,Поврежденная упатовка при доставке,Проверить качество упаковки перед отправкой
17,2025-08-21,Долгое ожидание,Очень долго ждал ответа оператора.,Поддержка,Долгое ожидание ответа,negative,2,low,,Оптимизировать обработку запросов
165,2025-08-21,Ошибка оплаты,"Платеж отклоняется, хотя с картой все в порядке.",Оплата,Ошибка оплаты банковской картой,negative,2,low,,Проверить систему оплаты на ошибки
332,2025-08-21,Задержка доставки,Жду заказ уже несколько дней дольше обещанного срока. Очень недоволен этой ситуацией.,Доставка,Задержка доставки,negative,4,high,,Ускорить обработку заказов
886,2025-08-21,Нет ответа,"Пишу в поддержку уже второй день, никто не отвечает.",Поддержка,Отсутствие ответа в поддержке,negative,3,medium,Отсутствие ответа в поддержке,Увеличить автоматизацию ответов в поддержке
244,2025-08-21,Курьер,Курьер не приехал в назначенное время и не позвонил.,Доставка,Отсутствие уведомления о доставке,negative,2,low,Отсутствие уведомления о доставке,Улучшить систему уведомлений курьера
635,2025-08-22,Несоответствие,"Товар совсем не соответствует описанию на сайте. Хотелось бы понять, что делать дальше.",Качество товара,Несоответствие товара описанию,negative,2,medium,,Проверить соответствие товара описанию на сайте
699,2025-08-22,Ошибка оплаты,"Платеж отклоняется, хотя с картой все в порядке. Очень недоволен этой ситуацией.",Оплата,Ошибка оплаты банковской картой,negative,3,medium,,Проверить систему оплаты на ошибки
843,2025-08-22,Адрес доставки,"Курьер сообщил, что не может найти мой адрес.",Доставка,Проблема поиска адреса доставки,negative,2,low,,Проверить точность данных в системе доставки
293,2025-08-22,Не начислены бонусы,"За покупку не начислили обещанные бонусы. Подскажите, пожалуйста, как решить эту проблему.",Бонусная программа,Не начислены бонусы,negative,2,medium,,Проверить систему начисления бонусов
347,2025-08-23,Нет ответа,"Пишу в поддержку уже второй день, никто не отвечает.",Поддержка,Отсутствие ответа в поддержке,negative,3,medium,Отсутствие ответа в поддержке,Увеличить автоматизацию ответов в поддержке
479,2025-08-23,Задержка доставки,Жду заказ уже несколько дней дольше обещанного срока.,Доставка,Задержка доставки,negative,3,medium,,Ускорить обработку заказов
549,2025-08-23,Чек,"Не получил электронный чек после покупки. Надеюсь, вопрос получится быстро решить.",Документы,Отсутствие электронного чека,neutral,2,low,,Проверить систему электронных чеков
796,2025-08-23,Качество поддержки,Оператор не смог решить мой вопрос и просто переключал меня между отделами. Это уже не первый раз.,Поддержка,Переключения между отделами,negative,3,medium,неправильная координация между отделами,Улучшить координацию между отделами
110,2025-08-24,Двойное списание,С карты дважды списали деньги за один заказ.,Оплата,Двойное списание заказа,negative,5,high,,Проверить систему списаний
12,2025-08-24,Поврежденный товар,Товар приехал поврежденным и пользоваться им невозможно.,Качество товара,Поврежденный товар,negative,5,high,,Исправить доставку и проверку товара
183,2025-08-24,Ошибка приложения,Приложение зависает при оформлении заказа.,Мобильное приложение,Зависание при оформлении заказа,negative,2,medium,,Оптимизировать процесс оформления заказа
21,2025-08-25,Двойное списание,С карты дважды списали деньги за один заказ. Очень недоволен этой ситуацией.,Оплата,Двойное списание заказа,negative,5,high,,Проверить систему списаний
760,2025-08-25,Изменилась цена,"В корзине цена товара оказалась выше, чем на странице товара. Хотелось бы понять, что делать дальше.",Цена,Неправильная цена в корзине,neutral,2,low,,Проверить синхронизацию цен в корзине
668,2025-08-26,Промокод,"Промокод указан как действующий, но система его не принимает. Подскажите, пожалуйста, как решить эту проблему.",Цена,Проблема с действующим промокодом,neutral,2,low,,Проверить валидность промокода в системе
188,2025-08-26,Несоответствие,"Товар совсем не соответствует описанию на сайте. Подскажите, пожалуйста, как решить эту проблему.",Качество товара,Несоответствие товара описанию,negative,3,medium,,Проверить соответствие товара описанию
681,2025-08-27,Поврежденный товар,Товар приехал поврежденным и пользоваться им невозможно.,Качество товара,Поврежденный товар,negative,5,high,,Исправить доставку и проверку товара
907,2025-08-27,Списание бонусов,Не получается использовать накопленные бонусы при оплате.,Бонусная программа,Проблема использования бонусов при оплате,negative,2,medium,,Проверить интеграцию бонусной системы с платежной системой
172,2025-08-27,Долгое ожидание,Очень долго ждал ответа оператора.,Поддержка,Долгое ожидание ответа,negative,2,low,,Оптимизировать обработку запросов
231,2025-08-28,Качество поддержки,"Оператор не смог решить мой вопрос и просто переключал меня между отделами. Подскажите, пожалуйста, как решить эту проблему.",Поддержка,Проблема переключения между отделами,negative,3,medium,Оператор не смог решить вопрос,Улучшить процесс переключения между отделами
409,2025-08-29,Возврат денег,"Товар вернул неделю назад, а деньги еще не поступили. Поддержка тоже не помогла.",Возвраты,Задержка возврата средств,negative,3,medium,непрерывная задержка возврата средств,Ускорить обработку возвратов
443,2025-08-29,Изменилась цена,"В корзине цена товара оказалась выше, чем на странице товара.",Цена,Неправильная цена в корзине,negative,2,low,,Проверить синхронизацию цен в корзине
471,2025-08-29,Адрес доставки,"Курьер сообщил, что не может найти мой адрес.",Доставка,Проблема поиска адреса доставки,negative,2,low,,Проверить точность данных в системе доставки
240,2025-08-29,Возврат денег,Деньги после отмены заказа до сих пор не вернулись.,Оплата,Отсутствие возврата после отмены заказа,negative,3,medium,,Ускорить обработку возвратов после отмены заказа
552,2025-08-29,Задержка доставки,"Заказ должен был приехать вчера, но курьер так и не приехал. Прошу срочно решить проблему.",Доставка,Задержка курьера,negative,3,medium,,Ускорить доставку курьера
959,2025-08-30,Несоответствие,Товар совсем не соответствует описанию на сайте.,Качество товара,Несоответствие товара описанию,negative,3,medium,,Проверить описания товаров на соответствие реальному товару
875,2025-08-30,Изменилась цена,"В корзине цена товара оказалась выше, чем на странице товара.",Цена,Неправильная цена в корзине,negative,2,low,,Проверить синхронизацию цен в корзине
596,2025-08-30,Задержка доставки,Жду заказ уже несколько дней дольше обещанного срока.,Доставка,Задержка доставки,negative,3,medium,,Ускорить обработку заказов
563,2025-08-31,Брак,"Получил товар с явным браком. Надеюсь, вопрос получится быстро решить.",Качество товара,Брак товара,neutral,2,low,,Проверить качество поставок
57,2025-08-31,Адрес доставки,"Курьер сообщил, что не может найти мой адрес. Поддержка тоже не помогла.",Доставка,Проблема поиска адреса доставки,negative,2,low,,Проверить точность данных в системе доставки
171,2025-08-31,Качество поддержки,Оператор не смог решить мой вопрос и просто переключал меня между отделами.,Поддержка,Переключения между отделами,negative,3,medium,,Улучшить координацию между отделами
359,2025-08-31,Задержка доставки,"Заказ должен был приехать вчера, но курьер так и не приехал.",Доставка,Задержка курьера,negative,2,low,,Уточнить статус доставки у курьера
198,2025-08-31,Поврежденный товар,"Товар приехал поврежденным и пользоваться им невозможно. Подскажите, пожалуйста, как решить эту проблему.",Качество товара,Поврежденный товар,negative,4,medium,Поврежденный товар при получении,Организовать замену поврежденного товара
135,2025-09-01,Ошибка приложения,"После обновления приложение перестало запускаться. Хотелось бы понять, что делать дальше.",Мобильное приложение,Приложение не запускается после обновления,negative,2,low,,Проверить стабильность обновления
211,2025-09-02,Задержка доставки,"Заказ должен был приехать вчера, но курьер так и не приехал. Подскажите, пожалуйста, как решить эту проблему.",Доставка,Задержка курьера,negative,2,low,,Уточнить статус доставки
348,2025-09-03,Списание бонусов,Не получается использовать накопленные бонусы при оплате. Очень недоволен этой ситуацией.,Бонусная программа,Ошибка использования бонусов при оплате,negative,3,medium,,Проверить интеграцию бонусной программы с платежной системой
754,2025-09-03,Возврат денег,"Товар вернул неделю назад, а деньги еще не поступили.",Возвраты,Задержка возврата средств,negative,2,medium,,Ускорить обработку возвратов
586,2025-09-03,Несоответствие,Товар совсем не соответствует описанию на сайте.,Качество товара,Несоответствие товара описанию,negative,3,medium,,Проверить описания товаров на соответствие реальному товару
955,2025-09-03,Ошибка приложения,Приложение зависает при оформлении заказа.,Мобильное приложение,Зависание при оформлении заказа,negative,2,medium,,Оптимизировать процесс оформления заказа
538,2025-09-05,Долгое ожидание,"Очень долго ждал ответа оператора. Надеюсь, вопрос получится быстро решить.",Поддержка,Долгое ожидание ответа,neutral,2,low,,Оптимизировать время ответа операторов
779,2025-09-05,Брак,"Получил товар с явным браком. Хотелось бы понять, что делать дальше.",Качество товара,Брак товара,negative,3,medium,,Проверить качество поставок
264,2025-09-05,Несоответствие,Товар совсем не соответствует описанию на сайте. Поддержка тоже не помогла.,Качество товара,Несоответствие товара описанию,negative,3,medium,Несоответствие товара описанию,Проверить описания товаров на соответствие реальному товару
257,2025-09-05,Чек,"Не получил электронный чек после покупки. Хотелось бы понять, что делать дальше.",Документы,Отсутствие электронного чека после покупки,negative,2,low,,Проверить систему электронных чеков
294,2025-09-05,Адрес доставки,"Курьер сообщил, что не может найти мой адрес. Надеюсь, вопрос получится быстро решить.",Доставка,Проблема поиска адреса доставки,neutral,2,low,,Проверить актуальность адреса в системе доставки
45,2025-09-06,Профиль,Не получается изменить номер телефона в профиле. Поддержка тоже не помогла.,Личный кабинет,Ошибка изменения номера телефона,negative,2,low,,Проверить доступ к профилю
434,2025-09-06,Двойное списание,С карты дважды списали деньги за один заказ.,Оплата,Двойное списание заказа,negative,5,high,,Проверить систему списаний
190,2025-09-07,Возврат денег,Деньги после отмены заказа до сих пор не вернулись.,Оплата,Отсутствие возврата после отмены заказа,negative,3,medium,,Ускорить обработку возвратов после отмены заказа
802,2025-09-07,Авторизация,"Не могу войти в приложение, постоянно выбрасывает на экран входа. Прошу помочь разобраться.",Мобильное приложение,Ошибка входа в приложение,negative,2,low,,Проверить аутентификацию на сервере
700,2025-09-07,Повреждение,Заказ приехал с поврежденной упаковкой. Прошу помочь разобраться.,Доставка,Поврежденная упаковка при доставке,negative,2,low,,Проверить качество упаковки перед доставкой
70,2025-09-07,Возврат денег,Деньги после отмены заказа до сих пор не вернулись.,Оплата,Отсутствие возврата после отмены заказа,negative,3,medium,,Ускорить обработку возвратов после отмены заказа
833,2025-09-07,Возврат товара,"Хочу вернуть товар, но не понимаю, как оформить возврат. Прошу срочно решить проблему.",Возвраты,Сложность оформления возврата,negative,2,medium,не понимает как оформить возврат,Упростить процесс оформления возврата
182,2025-09-08,Курьер,Курьер не приехал в назначенное время и не позвонил. Очень недоволен этой ситуацией.,Доставка,Отсутствие уведомления о доставке,negative,2,medium,Отсутствие уведомления о доставке,Улучшить систему уведомлений курьером
691,2025-09-08,Документы,В документах к заказу указаны неверные данные. Это уже не первый раз.,Документы,Неверные данные в документах,negative,3,medium,неверные данные в документах,Проверить данные в документах перед отправкой
263,2025-09-08,Списание бонусов,Не получается использовать накопленные бонусы при оплате. Прошу помочь разобраться.,Бонусная программа,Проблема использования бонусов при оплате,negative,2,low,,Проверить настройки бонусной программы
93,2025-09-08,Ошибка оплаты,"Не могу оплатить заказ банковской картой, постоянно появляется ошибка.",Оплата,Ошибка оплаты банковской картой,negative,2,low,,Проверить интеграцию банковской карты
508,2025-09-09,Двойное списание,С карты дважды списали деньги за один заказ. Прошу срочно решить проблему.,Оплата,Двойное списание заказа,negative,5,high,,Возврат средств за двойное списание
212,2025-09-09,Задержка доставки,"Заказ должен был приехать вчера, но курьер так и не приехал.",Доставка,Задержка курьера,negative,2,low,,Уточнить статус доставки у курьера
918,2025-09-09,Изменилась цена,"В корзине цена товара оказалась выше, чем на странице товара. Это уже не первый раз.",Цена,Непостоянство цены товара,negative,2,medium,,Проверить синхронизацию цен в корзине
692,2025-09-09,Качество поддержки,Оператор не смог решить мой вопрос и просто переключал меня между отделами. Поддержка тоже не помогла.,Поддержка,Переключения между отделами без решения,negative,3,medium,неправильная координация между отделами,Улучшить координацию между отделами
608,2025-09-10,Не начислены бонусы,За покупку не начислили обещанные бонусы. Прошу срочно решить проблему.,Бонусная программа,Не начислены бонусы,negative,4,high,,Проверить систему начисления бонусов
30,2025-09-10,Задержка доставки,"Заказ должен был приехать вчера, но курьер так и не приехал. Прошу срочно решить проблему.",Доставка,Задержка курьера,negative,3,medium,,Ускорить доставку курьера
911,2025-09-10,Чек,Не получил электронный чек после покупки. Это уже не первый раз.,Документы,Отсутствие электронного чека,negative,2,low,,Установить автоматическое отправление чека
322,2025-09-10,Задержка доставки,"Жду заказ уже несколько дней дольше обещанного срока. Если вопрос не решится, больше у вас покупать не буду.",Доставка,Задержка доставки,negative,5,high,,Ускорить доставку
604,2025-09-11,Возврат денег,"Деньги после отмены заказа до сих пор не вернулись. Если вопрос не решится, больше у вас покупать не буду.",Оплата,Ожидание возврата после отмены заказа,negative,5,high,Не вернулись деньги после отмены заказа,Ускорить обработку возвратов после отмены заказа
663,2025-09-11,Курьер,Курьер не приехал в назначенное время и не позвонил. Очень недоволен этой ситуацией.,Доставка,Отсутствие уведомления о доставке,negative,2,medium,Отсутствие уведомления о доставке,Улучшить систему уведомлений курьером
748,2025-09-11,Авторизация,"Не могу войти в приложение, постоянно выбрасывает на экран входа. Хотелось бы понять, что делать дальше.",Мобильное приложение,Проблема входа в приложение,negative,2,medium,,Проверить статус сессии и аутентификацию
812,2025-09-11,Ошибка приложения,"После обновления приложение перестало запускаться. Надеюсь, вопрос получится быстро решить.",Мобильное приложение,Приложение не запускается после обновления,neutral,2,low,,Проверить стабильность обновления приложения
946,2025-09-12,Адрес доставки,"Курьер сообщил, что не может найти мой адрес.",Доставка,Проблема поиска адреса доставки,negative,2,low,,Проверить точность данных в системе доставки
895,2025-09-12,Долгое ожидание,Очень долго ждал ответа оператора.,Поддержка,Долгое ожидание ответа,negative,2,low,,Оптимизировать обработку запросов
984,2025-09-12,Задержка доставки,"Заказ должен был приехать вчера, но курьер так и не приехал.",Доставка,Задержка курьера,negative,2,low,,Уточнить статус доставки у курьера
713,2025-09-13,Профиль,Не получается изменить номер телефона в профиле. Поддержка тоже не помогла.,Личный кабинет,Ошибка изменения номера телефона,negative,2,low,,Проверить доступ к профилю
896,2025-09-13,Не начислены бонусы,За покупку не начислили обещанные бонусы.,Бонусная программа,Не начислены бонусы,negative,2,medium,,Проверить систему начисления бонусов
871,2025-09-13,Ошибка приложения,После обновления приложение перестало запускаться. Прошу помочь разобраться.,Мобильное приложение,Приложение не запускается после обновления,negative,2,low,,Проверить стабильность обновления
577,2025-09-14,Ошибка приложения,Приложение зависает при оформлении заказа. Прошу срочно решить проблему.,Мобильное приложение,Зависание при оформлении заказа,negative,4,high,,Проверить стабильность приложения при оформлении заказа
703,2025-09-15,Профиль,"Не получается изменить номер телефона в профиле. Подскажите, пожалуйста, как решить эту проблему.",Личный кабинет,Ошибка изменения номера телефона,neutral,2,low,,Проверить доступ к профилю
73,2025-09-15,Промокод,"Промокод указан как действующий, но система его не принимает.",Цена,Проблема с действующим промокодом,negative,2,low,,Проверить валидность промокода в системе
657,2025-09-15,Чек,Не получил электронный чек после покупки. Прошу срочно решить проблему.,Документы,Отсутствие электронного чека после покупки,negative,3,medium,,Проверить систему генерации чеков
557,2025-09-16,Качество поддержки,Оператор не смог решить мой вопрос и просто переключал меня между отделами.,Поддержка,Переключения между отделами,negative,3,medium,,Улучшить координацию между отделами
630,2025-09-16,Двойное списание,С карты дважды списали деньги за один заказ.,Оплата,Двойное списание заказа,negative,5,high,,Проверить систему списаний
609,2025-09-16,Нет ответа,"Пишу в поддержку уже второй день, никто не отвечает. Поддержка тоже не помогла.",Поддержка,Отсутствие ответа в поддержке,negative,3,medium,Отсутствие ответа в поддержке,Увеличить автоматизированную проверку ответов
144,2025-09-16,Качество поддержки,"Оператор не смог решить мой вопрос и просто переключал меня между отделами. Хотелось бы понять, что делать дальше.",Поддержка,Проблема переключения между отделами,negative,3,medium,непонимание оператора,Улучшить процесс переключения между отделами
766,2025-09-17,Промокод,"Промокод указан как действующий, но система его не принимает. Подскажите, пожалуйста, как решить эту проблему.",Цена,Проблема с действующим промокодом,neutral,2,low,,Проверить валидность промокода в системе
261,2025-09-17,Возврат товара,"Хочу вернуть товар, но не понимаю, как оформить возврат.",Возвраты,Сложность оформления возврата,negative,2,low,не понимает как оформить возврат,Упростить процесс оформления возврата
470,2025-09-17,Ошибка приложения,"После обновления приложение перестало запускаться. Подскажите, пожалуйста, как решить эту проблему.",Мобильное приложение,Приложение не запускается после обновления,negative,2,low,,Проверить совместимость версии приложения с операционной системой
561,2025-09-18,Брак,Получил товар с явным браком.,Качество товара,Брак товара,negative,4,high,,Проверить качество поставок
899,2025-09-18,Задержка доставки,"Заказ должен был приехать вчера, но курьер так и не приехал.",Доставка,Задержка курьера,negative,2,low,,Уточнить статус доставки у курьера
567,2025-09-18,Корзина,"Добавляю товар в корзину, но он сразу исчезает. Хотелось бы понять, что делать дальше.",Мобильное приложение,Товар исчезает из корзины,negative,2,low,,Проверить локальные настройки корзины
401,2025-09-19,Авторизация,"Не могу войти в приложение, постоянно выбрасывает на экран входа. Если вопрос не решится, больше у вас покупать не буду.",Мобильное приложение,Ошибка авторизации,negative,5,high,,Проверить работу авторизации
383,2025-09-20,Адрес доставки,"Курьер сообщил, что не может найти мой адрес.",Доставка,Проблема поиска адреса доставки,negative,2,low,,Проверить точность данных в системе доставки
451,2025-09-20,Адрес доставки,"Курьер сообщил, что не может найти мой адрес.",Доставка,Проблема поиска адреса доставки,negative,2,low,,Проверить точность данных в системе доставки
832,2025-09-21,Корзина,"Добавляю товар в корзину, но он сразу исчезает. Хотелось бы понять, что делать дальше.",Мобильное приложение,Товар исчезает из корзины,negative,2,low,,Проверить локальные настройки корзины
246,2025-09-21,Авторизация,Не могу войти в личный кабинет. Очень недоволен этой ситуацией.,Личный кабинет,Ошибка входа в личный кабин: 3 слова,negative,4,high,,Проверить доступ к личному кабинету
547,2025-09-21,Долгое ожидание,"Очень долго ждал ответа оператора. Хотелось бы понять, что делать дальше.",Поддержка,Долгое ожидание ответа,negative,2,low,,Увеличить лимит одновременных консультаций
564,2025-09-21,Повреждение,Заказ приехал с поврежденной упаковкой.,Доставка,Поврежденная упаковка при доставке,negative,2,low,,Проверить качество упаковки перед доставкой
50,2025-09-22,Нет ответа,"Пишу в поддержку уже второй день, никто не отвечает.",Поддержка,Отсутствие ответа в поддержке,negative,3,medium,Отсутствие ответа в поддержке,Увеличить автоматизацию ответов в поддержке
906,2025-09-22,Счет,Не могу получить счет на заказ.,Документы,Отсутствие счета на заказ,negative,2,low,,Ускорить генерацию счетов
784,2025-09-22,Двойное списание,С карты дважды списали деньги за один заказ.,Оплата,Двойное списание заказа,negative,5,high,,Проверить систему списаний
890,2025-09-22,Корзина,"Добавляю товар в корзину, но он сразу исчезает.",Мобильное приложение,Товар исчезает из корзины,negative,3,medium,,Проверить логику добавления в корзину
868,2025-09-23,Авторизация,"Не могу войти в приложение, постоянно выбрасывает на экран входа. Это уже не первый раз.",Мобильное приложение,Проблема входа в приложение,negative,2,medium,,Проверить статус сессии при входе
505,2025-09-23,Несоответствие,Товар совсем не соответствует описанию на сайте.,Качество товара,Несоответствие товара описанию,negative,3,medium,,Проверить описания товаров на соответствие реальному товару
526,2025-09-23,Не начислены бонусы,За покупку не начислили обещанные бонусы.,Бонусная программа,Не начислены бонусы,negative,2,medium,,Проверить систему начисления бонусов
248,2025-09-23,Поврежденный товар,Товар приехал поврежденным и пользоваться им невозможно. Очень недоволен этой ситуацией.,Качество товара,Поврежденный товар,negative,4,high,,Проверить логистику и упаковку
488,2025-09-23,Возврат товара,"Хочу вернуть товар, но не понимаю, как оформить возврат. Это уже не первый раз.",Возвраты,Сложность оформления возврата,negative,2,medium,неизвестно,Упростить процесс оформления возврата
238,2025-09-23,Корзина,"Добавляю товар в корзину, но он сразу исчезает.",Мобильное приложение,Товар исчезает из корзины,negative,3,medium,,Проверить логику добавления в корзину
920,2025-09-24,Долгое ожидание,"Очень долго ждал ответа оператора. Хотелось бы понять, что делать дальше.",Поддержка,Долгое ожидание ответа,negative,2,low,,Увеличить лимит одновременных консультаций
743,2025-09-24,Ошибка оплаты,"Платеж отклоняется, хотя с картой все в порядке.",Оплата,Ошибка оплаты банковской картой,negative,2,low,,Проверить систему оплаты на ошибки
147,2025-09-24,Нет ответа,"Пишу в поддержку уже второй день, никто не отвечает.",Поддержка,Отсутствие ответа в поддержке,negative,3,medium,Отсутствие ответа в поддержке,Увеличить автоматизацию ответов в поддержке
184,2025-09-25,Счет,"Не могу получить счет на заказ. Надеюсь, вопрос получится быстро решить.",Документы,Отсутствие счета на заказ,neutral,2,low,,Проверить систему генерации счетов
216,2025-09-25,Поврежденный товар,Товар приехал поврежденным и пользоваться им невозможно.,Качество товара,Поврежденный товар,negative,5,high,,Исправить доставку и проверку товара
573,2025-09-26,Ошибка приложения,Приложение зависает при оформлении заказа.,Мобильное приложение,Зависание при оформлении заказа,negative,2,medium,,Оптимизировать процесс оформления заказа
272,2025-09-27,Изменилась цена,"В корзине цена товара оказалась выше, чем на странице товара. Это уже не первый раз.",Цена,Непостоянство цены товара,negative,2,medium,,Проверить синхронизацию цен в корзине
969,2025-09-27,Долгое ожидание,"Очень долго ждал ответа оператора. Если вопрос не решится, больше у вас покупать не буду.",Поддержка,Долгое ожидание ответа,negative,5,high,непонимание времени ожидания,Ускорить обработку запросов
646,2025-09-28,Задержка доставки,Жду заказ уже несколько дней дольше обещанного срока. Прошу срочно решить проблему.,Доставка,Задержка доставки,negative,4,medium,,Ускорить обработку заказов
715,2025-09-28,Изменилась цена,"В корзине цена товара оказалась выше, чем на странице товара.",Цена,Неправильная цена в корзине,negative,2,low,,Проверить синхронизацию цен в корзине
376,2025-09-29,Ошибка оплаты,"Платеж отклоняется, хотя с картой все в порядке. Хотелось бы понять, что делать дальше.",Оплата,Ошибка оплаты банковской картой,negative,2,low,,Проверить данные карты и транзакцию
581,2025-09-30,Поврежденный товар,Товар приехал поврежденным и пользоваться им невозможно. Очень недоволен этой ситуацией.,Качество товара,Поврежденный товар,negative,4,high,,Проверить логистику и упаковку
823,2025-09-30,Отказ в возврате,Мне отказали в возврате товара без понятного объяснения.,Возвраты,Отказ в возврате без объяснения,negative,3,medium,,Уточнить причины отказа возврата
161,2025-10-01,Адрес доставки,"Курьер сообщил, что не может найти мой адрес. Надеюсь, вопрос получится быстро решить.",Доставка,Проблема поиска адреса доставки,neutral,2,low,,Проверить актуальность адреса в системе доставки
961,2025-10-01,Пропали бонусы,Из личного кабинета исчезли мои бонусные баллы.,Бонусная программа,Бонусные баллы исчезли,negative,3,medium,,Проверить систему учета баллов
836,2025-10-01,Возврат денег,"Товар вернул неделю назад, а деньги еще не поступили. Прошу срочно решить проблему.",Возвраты,Задержка возврата средств,negative,4,high,Неизвестно,Ускорить обработку возвратов
768,2025-10-02,Нет ответа,"Пишу в поддержку уже второй день, никто не отвечает.",Поддержка,Отсутствие ответа в поддержке,negative,3,medium,Отсутствие ответа в поддержке,Увеличить автоматизацию ответов в поддержке
114,2025-10-02,Возврат товара,"Хочу вернуть товар, но не понимаю, как оформить возврат.",Возвраты,Сложность оформления возврата,negative,2,low,не понимает как оформить возврат,Упростить процесс оформления возврата
314,2025-10-02,Курьер,Курьер не приехал в назначенное время и не позвонил. Очень недоволен этой ситуацией.,Доставка,Отсутствие уведомления о доставке,negative,2,medium,Отсутствие уведомления о доставке,Улучшить систему уведомлений курьером
465,2025-10-02,Повреждение,"Заказ приехал с поврежденной упаковкой. Надеюсь, вопрос получится быстро решить.",Доставка,Поврежденная упаковка при доставке,neutral,2,low,Поврежденная упusing,Проверить качество упаковки перед доставкой
672,2025-10-02,Авторизация,"Не могу войти в приложение, постоянно выбрасывает на экран входа.",Мобильное приложение,Ошибка входа в приложение,negative,3,medium,,Проверить аутентификацию на сервере
120,2025-10-03,Авторизация,"Не могу войти в приложение, постоянно выбрасывает на экран входа.",Мобильное приложение,Ошибка входа в приложение,negative,3,medium,,Проверить аутентификацию на сервере
811,2025-10-03,Ошибка оплаты,"Платеж отклоняется, хотя с картой все в порядке. Надеюсь, вопрос получится быстро решить.",Оплата,Ошибка оплаты банковской картой,neutral,2,low,,Проверить данные карты и транзакцию
185,2025-10-03,История заказов,"В личном кабинете пропала история моих заказов. Подскажите, пожалуйста, как решить эту проблему.",Личный кабинет,Проблема отсутствия истории заказов,negative,2,medium,,Проверить базу данных заказов
323,2025-10-03,Адрес доставки,"Курьер сообщил, что не может найти мой адрес.",Доставка,Проблема поиска адреса доставки,negative,2,low,,Проверить точность данных в системе доставки
626,2025-10-03,Не начислены бонусы,За покупку не начислили обещанные бонусы. Поддержка тоже не помогла.,Бонусная программа,Не начислены бонусы,negative,3,medium,,Проверить систему начисления бонусов
436,2025-10-04,Пропали бонусы,Из личного кабинета исчезли мои бонусные баллы.,Бонусная программа,Бонусные баллы исчезли,negative,3,medium,,Проверить систему учета баллов
339,2025-10-04,Двойное списание,С карты дважды списали деньги за один заказ.,Оплата,Двойное списание заказа,negative,5,high,,Проверить систему списаний
56,2025-10-04,Повреждение,"Заказ приехал с поврежденной упаковкой. Надеюсь, вопрос получится быстро решить.",Доставка,Поврежденная упаковка при доставке,neutral,2,low,Поврежденная упusing,Проверить качество упаковки перед доставкой
723,2025-10-04,Отказ в возврате,Мне отказали в возврате товара без понятного объяснения.,Возвраты,Отказ в возврате без объяснения,negative,3,medium,,Уточнить причины отказа возврата
48,2025-10-04,Профиль,Не получается изменить номер телефона в профиле.,Личный кабинет,Ошибка изменения номера телефона,negative,2,low,,Проверить доступ к профилю
247,2025-10-05,Брак,Получил товар с явным браком.,Качество товара,Брак товара,negative,4,high,,Проверить качество поставок
278,2025-10-05,Задержка доставки,"Заказ должен был приехать вчера, но курьер так и не приехал.",Доставка,Задержка курьера,negative,2,low,,Уточнить статус доставки у курьера
914,2025-10-05,Отказ в возврате,"Мне отказали в возврате товара без понятного объяснения. Если вопрос не решится, больше у вас покупать не буду.",Возвраты,Отказ в возврате без объяснения,negative,5,high,,Уточнить причины отказа в возврате
767,2025-10-06,Курьер,Курьер не приехал в назначенное время и не позвонил. Это уже не первый раз.,Доставка,Отсутствие уведомления о доставке,negative,2,medium,Отсутствие уведомления о доставке,Улучшить систему уведомлений курьером
265,2025-10-06,Возврат денег,"Товар вернул неделю назад, а деньги еще не поступили. Прошу срочно решить проблему.",Возвраты,Задержка возврата средств,negative,4,high,Неизвестно,Ускорить обработку возвратов
992,2025-10-07,Возврат денег,"Товар вернул неделю назад, а деньги еще не поступили. Поддержка тоже не помогла.",Возвраты,Задержка возврата средств,negative,3,medium,непрерывная задержка возврата средств,Ускорить обработку возвратов
157,2025-10-07,Авторизация,"Не могу войти в личный кабинет. Хотелось бы понять, что делать дальше.",Личный кабинет,Проблема входа в личный кабинет,negative,2,low,,Проверить доступ к личному кабинету
3,2025-10-07,Адрес доставки,"Курьер сообщил, что не может найти мой адрес.",Доставка,Проблема поиска адреса доставки,negative,2,low,,Проверить точность данных в системе доставки
759,2025-10-07,Повреждение,Заказ приехал с поврежденной упаковкой.,Доставка,Поврежденная упаковка при доставке,negative,2,low,,Проверить качество упаковки перед доставкой
912,2025-10-07,Авторизация,Не могу войти в личный кабинет.,Личный кабинет,Проблема входа в личный кабинет,negative,2,low,,Проверить доступ к личному кабинету
127,2025-10-08,Списание бонусов,Не получается использовать накопленные бонусы при оплате.,Бонусная программа,Проблема использования бонусов при оплате,negative,2,medium,,Проверить интеграцию бонусной системы с платежной системой
199,2025-10-09,Отказ в возврате,"Мне отказали в возврате товара без понятного объяснения. Хотелось бы понять, что делать дальше.",Возвраты,Отказ в возврате без объяснения,negative,3,medium,,Уточнить причины отказа возврата
597,2025-10-09,Чек,"Не получил электронный чек после покупки. Подскажите, пожалуйста, как решить эту проблему.",Документы,Отсутствие электронного чека после покупки,neutral,2,low,,Проверить систему отправки электронных чеков
250,2025-10-09,Курьер,"Курьер не приехал в назначенное время и не позвонил. Хотелось бы понять, что делать дальше.",Доставка,Отсутствие уведомления о доставке,negative,2,low,Отсутствие уведомления курьера,Установить автоматическое уведомление курьера
937,2025-10-09,Ошибка оплаты,"Платеж отклоняется, хотя с картой все в порядке.",Оплата,Ошибка оплаты банковской картой,negative,2,low,,Проверить систему оплаты на ошибки
258,2025-10-10,Задержка доставки,"Жду заказ уже несколько дней дольше обещанного срока. Если вопрос не решится, больше у вас покупать не буду.",Доставка,Задержка доставки,negative,5,high,,Ускорить доставку
13,2025-10-10,Возврат денег,"Деньги после отмены заказа до сих пор не вернулись. Надеюсь, вопрос получится быстро решить.",Оплата,Отсутствие возврата после отмены заказа,neutral,2,low,,Ускорить обработку возвратов после отмены заказа
100,2025-10-10,Задержка доставки,Жду заказ уже несколько дней дольше обещанного срока.,Доставка,Задержка доставки,negative,3,medium,,Ускорить обработку заказов
517,2025-10-10,Задержка доставки,"Заказ должен был приехать вчера, но курьер так и не приехал.",Доставка,Задержка курьера,negative,2,low,,Уточнить статус доставки у курьера
522,2025-10-10,Нет ответа,"Пишу в поддержку уже второй день, никто не отвечает. Поддержка тоже не помогла.",Поддержка,Отсутствие ответа в поддержке,negative,3,medium,Отсутствие ответа в поддержке,Увеличить автоматизированную проверку ответов
415,2025-10-11,Документы,"В документах к заказу указаны неверные данные. Если вопрос не решится, больше у вас покупать не буду.",Документы,Неверные данные в документах,negative,5,high,,Проверить данные в документах заказа
739,2025-10-11,Повреждение,Заказ приехал с поврежденной упаковкой. Поддержка тоже не помогла.,Доставка,Поврежденная упаковка при доставке,negative,3,medium,,Проверить качество упаковки перед доставкой
194,2025-10-12,Профиль,"Не получается изменить номер телефона в профиле. Хотелось бы понять, что делать дальше.",Личный кабинет,Не могу изменить номер телефона,negative,2,low,,Проверить доступ к профилю
584,2025-10-13,Возврат денег,Деньги после отмены заказа до сих пор не вернулись. Поддержка тоже не помогла.,Оплата,Отсутствие возврата после отмены заказа,negative,4,medium,,Ускорить обработку возвратов после отмены заказа
661,2025-10-13,Промокод,"Промокод указан как действующий, но система его не принимает. Если вопрос не решится, больше у вас покупать не буду.",Цена,Проблема активации промокода,negative,5,high,,Проверить корректность промокода в системе
785,2025-10-14,Возврат денег,"Товар вернул неделю назад, а деньги еще не поступили.",Возвраты,Задержка возврата средств,negative,2,medium,,Ускорить обработку возвратов
742,2025-10-14,Изменилась цена,"В корзине цена товара оказалась выше, чем на странице товара. Надеюсь, вопрос получится быстро решить.",Цена,Соотношение цен в корзине и товара,neutral,2,low,,Проверить синхронизацию цен в корзине
430,2025-10-14,Возврат денег,"Товар вернул неделю назад, а деньги еще не поступили. Прошу срочно решить проблему.",Возвраты,Задержка возврата средств,negative,4,high,Неизвестно,Ускорить обработку возвратов
143,2025-10-14,Долгое ожидание,"Очень долго ждал ответа оператора. Надеюсь, вопрос получится быстро решить.",Поддержка,Долгое ожидание ответа,neutral,2,low,,Оптимизировать время ответа операторов
27,2025-10-15,Качество поддержки,"Оператор не смог решить мой вопрос и просто переключал меня между отделами. Надеюсь, вопрос получится быстро решить.",Поддержка,Переключения между отделами,neutral,2,low,,Улучшить координацию между отделами
318,2025-10-15,Двойное списание,С карты дважды списали деньги за один заказ. Очень недоволен этой ситуацией.,Оплата,Двойное списание заказа,negative,5,high,,Проверить систему списаний
592,2025-10-15,Авторизация,"Не могу войти в приложение, постоянно выбрасывает на экран входа.",Мобильное приложение,Ошибка входа в приложение,negative,3,medium,,Проверить аутентификацию на сервере
362,2025-10-15,Ошибка оплаты,"Не могу оплатить заказ банковской картой, постоянно появляется ошибка. Подскажите, пожалуйста, как решить эту проблему.",Оплата,Ошибка оплаты банковской картой,negative,2,low,,Проверить подключение карты в системе оплаты
162,2025-10-16,Ошибка приложения,После обновления приложение перестало запускаться. Очень недоволен этой ситуацией.,Мобильное приложение,Приложение не запускается после обновления,negative,3,medium,,Проверить стабильность обновления приложения
629,2025-10-16,Повреждение,"Заказ приехал с поврежденной упаковкой. Если вопрос не решится, больше у вас покупать не буду.",Доставка,Поврежденная упаковка при доставке,negative,5,high,Поврежденная упатовка при доставке,Проверить упаковку при получении
722,2025-10-16,Ошибка оплаты,"Платеж отклоняется, хотя с картой все в порядке. Очень недоволен этой ситуацией.",Оплата,Ошибка оплаты банковской картой,negative,3,medium,,Проверить систему оплаты на ошибки
839,2025-10-17,Списание бонусов,"Не получается использовать накопленные бонусы при оплате. Если вопрос не решится, больше у вас покупать не буду.",Бонусная программа,Ошибка использования бонусов при оплате,negative,5,high,,Проверить интеграцию бонусной системы с платежной системой
956,2025-10-17,Поврежденный товар,Товар приехал поврежденным и пользоваться им невозможно.,Качество товара,Поврежденный товар,negative,5,high,,Исправить доставку и проверку товара
179,2025-10-17,История заказов,В личном кабинете пропала история моих заказов. Прошу помочь разобраться.,Личный кабинет,Проблема отсутствия истории заказов,negative,2,low,,Проверить базу данных заказов
335,2025-10-17,Двойное списание,"С карты дважды списали деньги за один заказ. Надеюсь, вопрос получится быстро решить.",Оплата,Двойное списание заказа,neutral,3,low,,Проверить систему списаний
982,2025-10-18,Повреждение,Заказ приехал с поврежденной упаковкой.,Доставка,Поврежденная упаковка при доставке,negative,2,low,,Проверить качество упаковки перед доставкой
923,2025-10-18,Задержка доставки,Жду заказ уже несколько дней дольше обещанного срока.,Доставка,Задержка доставки,negative,3,medium,,Ускорить обработку заказов
689,2025-10-19,Списание бонусов,Не получается использовать накопленные бонусы при оплате. Прошу помочь разобраться.,Бонусная программа,Проблема использования бонусов при оплате,negative,2,low,,Проверить настройки бонусной программы
230,2025-10-19,Скидка,Обещанная скидка не применилась при оформлении заказа.,Цена,Скидка не применилась при оформлении заказа,negative,2,medium,неизвестно,Проверить условия применения скидки
825,2025-10-21,Ошибка оплаты,"Не могу оплатить заказ банковской картой, постоянно появляется ошибка.",Оплата,Ошибка оплаты банковской картой,negative,2,low,,Проверить интеграцию банковской карты
945,2025-10-21,Несоответствие,"Товар совсем не соответствует описанию на сайте. Подскажите, пожалуйста, как решить эту проблему.",Качество товара,Несоответствие товара описанию,negative,3,medium,,Проверить соответствие товара описанию
394,2025-10-21,Отказ в возврате,"Мне отказали в возврате товара без понятного объяснения. Подскажите, пожалуйста, как решить эту проблему.",Возвраты,Отказ в возврате без объяснения,negative,3,medium,,Уточнить причины отказа возврата
601,2025-10-21,Ошибка оплаты,"Не могу оплатить заказ банковской картой, постоянно появляется ошибка. Если вопрос не решится, больше у вас покупать не буду.",Оплата,Ошибка оплаты банковской картой,negative,5,high,,Исправить ошибку оплаты банковской картой
898,2025-10-21,Ошибка приложения,После обновления приложение перестало запускаться.,Мобильное приложение,Приложение не запускается после обновления,negative,2,low,,Проверить стабильность обновления приложения
658,2025-10-22,Возврат денег,Деньги после отмены заказа до сих пор не вернулись.,Оплата,Отсутствие возврата после отмены заказа,negative,3,medium,,Ускорить обработку возвратов после отмены заказа
155,2025-10-22,Возврат товара,"Хочу вернуть товар, но не понимаю, как оформить возврат.",Возвраты,Сложность оформления возврата,negative,2,low,не понимает как оформить возврат,Упростить процесс оформления возврата
756,2025-10-22,История заказов,"В личном кабинете пропала история моих заказов. Подскажите, пожалуйста, как решить эту проблему.",Личный кабинет,Проблема отсутствия истории заказов,negative,2,medium,,Проверить базу данных заказов
993,2025-10-23,Авторизация,"Не могу войти в приложение, постоянно выбрасывает на экран входа.",Мобильное приложение,Ошибка входа в приложение,negative,3,medium,,Проверить аутентификацию на сервере
77,2025-10-24,Качество поддержки,Оператор не смог решить мой вопрос и просто переключал меня между отделами.,Поддержка,Переключения между отделами,negative,3,medium,,Улучшить координацию между отделами
406,2025-10-24,Несоответствие,Товар совсем не соответствует описанию на сайте. Очень недоволен этой ситуацией.,Качество товара,Несоответствие товара описанию,negative,4,medium,Несоответствие товара описанию,Проверить описания товаров на соответствие реальному товару
638,2025-10-24,Адрес доставки,"Курьер сообщил, что не может найти мой адрес.",Доставка,Проблема поиска адреса доставки,negative,2,low,,Проверить точность данных в системе доставки
774,2025-10-25,Авторизация,"Не могу войти в приложение, постоянно выбрасывает на экран входа. Хотелось бы понять, что делать дальше.",Мобильное приложение,Проблема входа в приложение,negative,2,medium,,Проверить статус сессии и аутентификацию
530,2025-10-25,Повреждение,Заказ приехал с поврежденной упаковкой. Это уже не первый раз.,Доставка,Поврежденная упаковка при доставке,negative,3,medium,Поврежденная уп: не указано,Проверить качество упаковки перед доставкой
941,2025-10-26,Нет ответа,"Пишу в поддержку уже второй день, никто не отвечает.",Поддержка,Отсутствие ответа в поддержке,negative,3,medium,Отсутствие ответа в поддержке,Увеличить автоматизацию ответов в поддержке
154,2025-10-27,Изменилась цена,"В корзине цена товара оказалась выше, чем на странице товара. Прошу срочно решить проблему.",Цена,Неправильная цена в корзине,negative,3,medium,,Проверить синхронизацию цен в корзине
239,2025-10-27,Поврежденный товар,Товар приехал поврежденным и пользоваться им невозможно.,Качество товара,Поврежденный товар,negative,5,high,,Исправить доставку и проверку товара
687,2025-10-27,Долгое ожидание,Очень долго ждал ответа оператора.,Поддержка,Долгое ожидание ответа,negative,2,low,,Оптимизировать обработку запросов
876,2025-10-28,Курьер,Курьер не приехал в назначенное время и не позвонил.,Доставка,Отсутствие уведомления о доставке,negative,2,low,Отсутствие уведомления о доставке,Улучшить систему уведомлений курьера
675,2025-10-28,Авторизация,"Не могу войти в приложение, постоянно выбрасывает на экран входа. Хотелось бы понять, что делать дальше.",Мобильное приложение,Проблема входа в приложение,negative,2,medium,,Проверить статус сессии и аутентификацию
203,2025-10-29,Документы,"В документах к заказу указаны неверные данные. Надеюсь, вопрос получится быстро решить.",Документы,Неверные данные в документах,neutral,2,low,,Проверить данные в документах
217,2025-10-29,Счет,"Не могу получить счет на заказ. Надеюсь, вопрос получится быстро решить.",Документы,Отсутствие счета на заказ,neutral,2,low,,Проверить систему генерации счетов
345,2025-10-31,Повреждение,Заказ приехал с поврежденной упаковкой.,Доставка,Поврежденная упаковка при доставке,negative,2,low,,Проверить качество упаковки перед доставкой
186,2025-10-31,Двойное списание,С карты дважды списали деньги за один заказ. Прошу срочно решить проблему.,Оплата,Двойное списание заказа,negative,5,high,,Возврат средств за двойное списание
998,2025-11-01,Счет,Не могу получить счет на заказ. Это уже не первый раз.,Документы,Ошибка получения счета,negative,2,medium,,Проверить систему генерации счетов
414,2025-11-01,Возврат денег,"Товар вернул неделю назад, а деньги еще не поступили. Надеюсь, вопрос получится быстро решить.",Возвраты,Задержка возврата средств,neutral,2,low,,Ускорить обработку возвратов
653,2025-11-01,Повреждение,Заказ приехал с поврежденной упаковкой. Очень недоволен этой ситуацией.,Доставка,Поврежденная упаковка при доставке,negative,3,medium,Поврежденная упатовка при доставке,Проверить качество упаковки перед отправкой
429,2025-11-01,Нет ответа,"Пишу в поддержку уже второй день, никто не отвечает.",Поддержка,Отсутствие ответа в поддержке,negative,3,medium,Отсутствие ответа в поддержке,Увеличить автоматизацию ответов в поддержке
551,2025-11-02,Пропали бонусы,Из личного кабинета исчезли мои бонусные баллы. Очень недоволен этой ситуацией.,Бонусная программа,Бонусные баллы исчезли,negative,3,medium,,Проверить систему учета баллов
352,2025-11-02,Возврат денег,"Товар вернул неделю назад, а деньги еще не поступили. Прошу помочь разобраться.",Возвраты,Задержка возврата средств,negative,2,medium,,Проверить статус возврата в системе
215,2025-11-02,Авторизация,Не могу войти в личный кабинет. Поддержка тоже не помогла.,Личный кабинет,Проблема входа в личный кабинет,negative,2,medium,,Проверить доступ к личному кабинету
386,2025-11-03,Задержка доставки,Жду заказ уже несколько дней дольше обещанного срока.,Доставка,Задержка доставки,negative,3,medium,,Ускорить обработку заказов
424,2025-11-03,Курьер,Курьер не приехал в назначенное время и не позвонил.,Доставка,Отсутствие уведомления о доставке,negative,2,low,Отсутствие уведомления о доставке,Улучшить систему уведомлений курьера
259,2025-11-03,Возврат товара,"Хочу вернуть товар, но не понимаю, как оформить возврат. Прошу срочно решить проблему.",Возвраты,Сложность оформления возврата,negative,2,medium,не понимает как оформить возврат,Упростить процесс оформления возврата
765,2025-11-03,Возврат денег,"Товар вернул неделю назад, а деньги еще не поступили. Прошу помочь разобраться.",Возвраты,Задержка возврата средств,negative,2,medium,,Проверить статус возврата в системе
866,2025-11-04,Несоответствие,Товар совсем не соответствует описанию на сайте.,Качество товара,Несоответствие товара описанию,negative,3,medium,,Проверить описания товаров на соответствие реальному товару
5,2025-11-05,Задержка доставки,Жду заказ уже несколько дней дольше обещанного срока. Это уже не первый раз.,Доставка,Задержка доставки,negative,3,medium,,Ускорить обработку заказов
404,2025-11-05,Задержка доставки,"Заказ должен был приехать вчера, но курьер так и не приехал.",Доставка,Задержка курьера,negative,2,low,,Уточнить статус доставки у курьера
531,2025-11-06,Ошибка оплаты,"Не могу оплатить заказ банковской картой, постоянно появляется ошибка. Прошу срочно решить проблему.",Оплата,Ошибка оплаты банковской картой,negative,4,high,,Проверить систему оплаты банковских карт
447,2025-11-06,Курьер,Курьер не приехал в назначенное время и не позвонил.,Доставка,Отсутствие уведомления о доставке,negative,2,low,Отсутствие уведомления о доставке,Улучшить систему уведомлений курьера
353,2025-11-06,Ошибка оплаты,"Не могу оплатить заказ банковской картой, постоянно появляется ошибка. Прошу срочно решить проблему.",Оплата,Ошибка оплаты банковской картой,negative,4,high,,Проверить систему оплаты банковских карт
1000,2025-11-07,Не начислены бонусы,За покупку не начислили обещанные бонусы.,Бонусная программа,Не начислены бонусы,negative,2,medium,,Проверить систему начисления бонусов
298,2025-11-07,Корзина,"Добавляю товар в корзину, но он сразу исчезает. Поддержка тоже не помогла.",Мобильное приложение,Текст должен быть 3-7 слов,positive,2,low,,Проверить логику добавления в корзину
625,2025-11-07,Ошибка оплаты,"Платеж отклоняется, хотя с картой все в порядке. Поддержка тоже не помогла.",Оплата,Ошибка оплаты банковской картой,negative,3,medium,,Проверить систему оплаты на ошибки
173,2025-11-07,Несоответствие,Товар совсем не соответствует описанию на сайте. Это уже не первый раз.,Качество товара,Несоответствие товара описанию,negative,3,medium,Несоответствие товара описанию,Улучшить проверку товаров перед отправкой
498,2025-11-08,Долгое ожидание,Очень долго ждал ответа оператора.,Поддержка,Долгое ожидание ответа,negative,2,low,,Оптимизировать обработку запросов
461,2025-11-08,Возврат товара,"Хочу вернуть товар, но не понимаю, как оформить возврат. Поддержка тоже не помогла.",Возвраты,Сложность оформления возврата,negative,2,medium,Неясность процесса возврата,Упростить процесс оформления возврата
252,2025-11-08,Профиль,Не получается изменить номер телефона в профиле.,Личный кабинет,Ошибка изменения номера телефона,negative,2,low,,Проверить доступ к профилю
583,2025-11-09,Возврат товара,"Хочу вернуть товар, но не понимаю, как оформить возврат.",Возвраты,Сложность оформления возврата,negative,2,low,не понимает как оформить возврат,Упростить процесс оформления возврата
422,2025-11-09,Курьер,"Курьер не приехал в назначенное время и не позвонил. Если вопрос не решится, больше у вас покупать не буду.",Доставка,Курьер не пришёл в срок,negative,5,high,Курьер не пришёл в срок,Уведомлять курьёра о задержке доставки
983,2025-11-10,Ошибка оплаты,"Не могу оплатить заказ банковской картой, постоянно появляется ошибка. Если вопрос не решится, больше у вас покупать не буду.",Оплата,Ошибка оплаты банковской картой,negative,5,high,,Исправить ошибку оплаты банковской картой
949,2025-11-11,Брак,Получил товар с явным браком. Очень недоволен этой ситуацией.,Качество товара,Брак товара,negative,4,high,,Исправить брак товара
970,2025-11-11,Двойное списание,С карты дважды списали деньги за один заказ.,Оплата,Двойное списание заказа,negative,5,high,,Проверить систему списаний
346,2025-11-11,Повреждение,Заказ приехал с поврежденной упаковкой.,Доставка,Поврежденная упаковка при доставке,negative,2,low,,Проверить качество упаковки перед доставкой
788,2025-11-11,Списание бонусов,"Не получается использовать накопленные бонусы при оплате. Надеюсь, вопрос получится быстро решить.",Бонусная программа,Ошибка использования бонусов при оплате,neutral,2,low,,Проверить интеграцию бонусной системы с платежной системой
459,2025-11-12,Задержка доставки,"Заказ должен был приехать вчера, но курьер так и не приехал.",Доставка,Задержка курьера,negative,2,low,,Уточнить статус доставки у курьера
593,2025-11-12,Авторизация,"Не могу войти в приложение, постоянно выбрасывает на экран входа.",Мобильное приложение,Ошибка входа в приложение,negative,3,medium,,Проверить аутентификацию на сервере
821,2025-11-12,Задержка доставки,Жду заказ уже несколько дней дольше обещанного срока. Прошу срочно решить проблему.,Доставка,Задержка доставки,negative,4,medium,,Ускорить обработку заказов
731,2025-11-13,Двойное списание,С карты дважды списали деньги за один заказ. Это уже не первый раз.,Оплата,Двойное списание заказа,negative,4,medium,,Проверить систему двойного списания
380,2025-11-13,Задержка доставки,"Заказ должен был приехать вчера, но курьер так и не приехал.",Доставка,Задержка курьера,negative,2,low,,Уточнить статус доставки у курьера
218,2025-11-14,Задержка доставки,"Заказ должен был приехать вчера, но курьер так и не приехал. Поддержка тоже не помогла.",Доставка,Задержка курьера,negative,2,medium,,Уточнить статус доставки у курьера
910,2025-11-15,Возврат денег,"Деньги после отмены заказа до сих пор не вернулись. Надеюсь, вопрос получится быстро решить.",Оплата,Отсутствие возврата после отмены заказа,neutral,2,low,,Ускорить обработку возвратов после отмены заказа
275,2025-11-16,Качество поддержки,Оператор не смог решить мой вопрос и просто переключал меня между отделами.,Поддержка,Переключения между отделами,negative,3,medium,,Улучшить координацию между отделами
558,2025-11-16,Нет ответа,"Пишу в поддержку уже второй день, никто не отвечает.",Поддержка,Отсутствие ответа в поддержке,negative,3,medium,Отсутствие ответа в поддержке,Увеличить автоматизацию ответов в поддержке
841,2025-11-17,Ошибка приложения,Приложение зависает при оформлении заказа.,Мобильное приложение,Зависание при оформлении заказа,negative,2,medium,,Оптимизировать процесс оформления заказа
474,2025-11-18,Повреждение,Заказ приехал с поврежденной упаковкой. Это уже не первый раз.,Доставка,Поврежденная упаковка при доставке,negative,3,medium,Поврежденная уп: не указано,Проверить качество упаковки перед доставкой
405,2025-11-18,Отказ в возврате,Мне отказали в возврате товара без понятного объяснения. Поддержка тоже не помогла.,Возвраты,Отказ в возврате без объяснения,negative,3,medium,,Уточнить причины отказа возврата
408,2025-11-18,Ошибка оплаты,"Платеж отклоняется, хотя с картой все в порядке.",Оплата,Ошибка оплаты банковской картой,negative,2,low,,Проверить систему оплаты на ошибки
953,2025-11-19,Документы,В документах к заказу указаны неверные данные. Поддержка тоже не помогла.,Документы,Неверные данные в документах,negative,2,low,,Проверить данные в документах заказа
279,2025-11-20,Долгое ожидание,Очень долго ждал ответа оператора.,Поддержка,Долгое ожидание ответа,negative,2,low,,Оптимизировать обработку запросов
830,2025-11-20,Ошибка оплаты,"Платеж отклоняется, хотя с картой все в порядке. Подскажите, пожалуйста, как решить эту проблему.",Оплата,Ошибка оплаты банковской картой,neutral,2,low,,Проверить данные карты на сервере
478,2025-11-20,Двойное списание,С карты дважды списали деньги за один заказ.,Оплата,Двойное списание заказа,negative,5,high,,Проверить систему списаний
281,2025-11-21,Нет ответа,"Пишу в поддержку уже второй день, никто не отвечает. Хотелось бы понять, что делать дальше.",Поддержка,Отсутствие ответа в поддержке,negative,3,medium,Отсутствие ответа в поддержке,Увеличить автоматизацию ответов в поддержке
94,2025-11-21,Возврат денег,Деньги после отмены заказа до сих пор не вернулись.,Оплата,Отсутствие возврата после отмены заказа,negative,3,medium,,Ускорить обработку возвратов после отмены заказа
728,2025-11-21,Ошибка оплаты,"Платеж отклоняется, хотя с картой все в порядке. Хотелось бы понять, что делать дальше.",Оплата,Ошибка оплаты банковской картой,negative,2,low,,Проверить данные карты и транзакцию
407,2025-11-22,Счет,Не могу получить счет на заказ. Прошу срочно решить проблему.,Документы,Отсутствие счета на заказ,negative,4,medium,,Создать счет для заказа
300,2025-11-22,Возврат денег,Деньги после отмены заказа до сих пор не вернулись. Очень недоволен этой ситуацией.,Оплата,Ожидание возврата после отмены заказа,negative,4,high,,Ускорить обработку возвратов после отмены заказа
316,2025-11-23,Изменилась цена,"В корзине цена товара оказалась выше, чем на странице товара. Очень недоволен этой ситуацией.",Цена,Неверная цена в корзине,negative,3,medium,,Проверить синхронизацию цен в корзине
712,2025-11-23,Задержка доставки,Жду заказ уже несколько дней дольше обещанного срока.,Доставка,Задержка доставки,negative,3,medium,,Ускорить обработку заказов
208,2025-11-23,Списание бонусов,Не получается использовать накопленные бонусы при оплате.,Бонусная программа,Проблема использования бонусов при оплате,negative,2,medium,,Проверить интеграцию бонусной системы с платежной системой
922,2025-11-23,Авторизация,"Не могу войти в личный кабинет. Надеюсь, вопрос получится быстро решить.",Личный кабинет,Проблема входа в личный кабинет,neutral,2,low,,Проверить доступ к личному кабинету
333,2025-11-24,Брак,Получил товар с явным браком.,Качество товара,Брак товара,negative,4,high,,Проверить качество поставок
880,2025-11-24,Отказ в возврате,Мне отказали в возврате товара без понятного объяснения.,Возвраты,Отказ в возврате без объяснения,negative,3,medium,,Уточнить причины отказа возврата
292,2025-11-24,Документы,В документах к заказу указаны неверные данные.,Документы,Неверные данные в документах заказа,negative,2,low,,Проверить данные в документах заказа
794,2025-11-24,Ошибка оплаты,"Платеж отклоняется, хотя с картой все в порядке. Надеюсь, вопрос получится быстро решить.",Оплата,Ошибка оплаты банковской картой,neutral,2,low,,Проверить данные карты и транзакцию
977,2025-11-24,Документы,В документах к заказу указаны неверные данные.,Документы,Неверные данные в документах заказа,negative,2,low,,Проверить данные в документах заказа
495,2025-11-24,Чек,Не получил электронный чек после покупки.,Документы,Отсутствие электронного чека после покупки,negative,2,low,,Уведомлять о чеке после оплаты
40,2025-11-24,Возврат товара,"Хочу вернуть товар, но не понимаю, как оформить возврат.",Возвраты,Сложность оформления возврата,negative,2,low,не понимает как оформить возврат,Упростить процесс оформления возврата
534,2025-11-24,Повреждение,Заказ приехал с поврежденной упаковкой.,Доставка,Поврежденная упаковка при доставке,negative,2,low,,Проверить качество упаковки перед доставкой
1,2025-11-24,Курьер,Курьер не приехал в назначенное время и не позвонил.,Доставка,Отсутствие уведомления о доставке,negative,2,low,Отсутствие уведомления о доставке,Улучшить систему уведомлений курьера
113,2025-11-25,Отказ в возврате,Мне отказали в возврате товара без понятного объяснения. Прошу срочно решить проблему.,Возвраты,Отказ в возврате без объяснения,negative,4,medium,,Уточнить причины отказа возврата
535,2025-11-25,Скидка,Обещанная скидка не применилась при оформлении заказа.,Цена,Скидка не применилась при оформлении заказа,negative,2,medium,неизвестно,Проверить условия применения скидки
36,2025-11-25,Возврат денег,"Деньги после отмены заказа до сих пор не вернулись. Подскажите, пожалуйста, как решить эту проблему.",Оплата,Отсутствие возврата после отмены заказа,negative,2,medium,,Проверить статус отмены заказа и активировать возврат
448,2025-11-25,Возврат денег,"Товар вернул неделю назад, а деньги еще не поступили. Прошу помочь разобраться.",Возвраты,Задержка возврата средств,negative,2,medium,,Проверить статус возврата в системе
642,2025-11-25,Документы,"В документах к заказу указаны неверные данные. Подскажите, пожалуйста, как решить эту проблему.",Документы,Неверные данные в документах заказа,neutral,2,low,,Проверить данные заказа
195,2025-11-27,Долгое ожидание,Очень долго ждал ответа оператора. Поддержка тоже не помогла.,Поддержка,Долгое ожидание ответа,negative,2,medium,недостаточное количество операторов,Увеличить количество операторов
413,2025-11-27,Не начислены бонусы,"За покупку не начислили обещанные бонусы. Надеюсь, вопрос получится быстро решить.",Бонусная программа,Не начислены бонусы,neutral,2,low,,Проверить систему начисления бонусов
420,2025-11-27,Двойное списание,С карты дважды списали деньги за один заказ. Это уже не первый раз.,Оплата,Двойное списание заказа,negative,4,medium,,Проверить систему двойного списания
770,2025-11-28,Несоответствие,Товар совсем не соответствует описанию на сайте. Очень недоволен этой ситуацией.,Качество товара,Несоответствие товара описанию,negative,4,medium,Несоответствие товара описанию,Проверить описания товаров на соответствие реальному товару
181,2025-11-28,Ошибка оплаты,"Платеж отклоняется, хотя с картой все в порядке. Прошу срочно решить проблему.",Оплата,Ошибка оплаты банковской картой,negative,4,medium,,Проверить систему оплаты на ошибки
611,2025-11-28,Двойное списание,С карты дважды списали деньги за один заказ.,Оплата,Двойное списание заказа,negative,5,high,,Проверить систему списаний
6,2025-11-29,Долгое ожидание,Очень долго ждал ответа оператора.,Поддержка,Долгое ожидание ответа,negative,2,low,,Оптимизировать обработку запросов
710,2025-11-29,Ошибка приложения,"После обновления приложение перестало запускаться. Подскажите, пожалуйста, как решить эту проблему.",Мобильное приложение,Приложение не запускается после обновления,negative,2,low,,Проверить совместимость версии приложения с операционной системой
456,2025-11-29,Двойное списание,С карты дважды списали деньги за один заказ.,Оплата,Двойное списание заказа,negative,5,high,,Проверить систему списаний
533,2025-11-30,Ошибка оплаты,"Платеж отклоняется, хотя с картой все в порядке. Надеюсь, вопрос получится быстро решить.",Оплата,Ошибка оплаты банковской картой,neutral,2,low,,Проверить данные карты и транзакцию
599,2025-11-30,Возврат денег,Деньги после отмены заказа до сих пор не вернулись.,Оплата,Отсутствие возврата после отмены заказа,negative,3,medium,,Ускорить обработку возвратов после отмены заказа
752,2025-11-30,Чек,Не получил электронный чек после покупки.,Документы,Отсутствие электронного чека после покупки,negative,2,low,,Уведомлять о чеке после оплаты
807,2025-12-01,Несоответствие,"Товар совсем не соответствует описанию на сайте. Хотелось бы понять, что делать дальше.",Качество товара,Несоответствие товара описанию,negative,2,medium,,Проверить соответствие товара описанию на сайте
816,2025-12-01,Корзина,"Добавляю товар в корзину, но он сразу исчезает. Прошу срочно решить проблему.",Мобильное приложение,Товар исчезает из корзины,negative,4,high,,Проверить логику добавления в корзину
598,2025-12-01,Скидка,"Обещанная скидка не применилась при оформлении заказа. Хотелось бы понять, что делать дальше.",Цена,Не применена обещанная скидка,negative,2,medium,,Проверить условия применения скидки
827,2025-12-02,Задержка доставки,Жду заказ уже несколько дней дольше обещанного срока.,Доставка,Задержка доставки,negative,3,medium,,Ускорить обработку заказов
846,2025-12-02,Ошибка оплаты,"Не могу оплатить заказ банковской картой, постоянно появляется ошибка.",Оплата,Ошибка оплаты банковской картой,negative,2,low,,Проверить интеграцию банковской карты
690,2025-12-02,Скидка,Обещанная скидка не применилась при оформлении заказа.,Цена,Скидка не применилась при оформлении заказа,negative,2,medium,неизвестно,Проверить условия применения скидки
354,2025-12-02,Качество поддержки,Оператор не смог решить мой вопрос и просто переключал меня между отделами. Это уже не первый раз.,Поддержка,Переключения между отделами,negative,3,medium,неправильная координация между отделами,Улучшить координацию между отделами
129,2025-12-02,Ошибка оплаты,"Платеж отклоняется, хотя с картой все в порядке. Хотелось бы понять, что делать дальше.",Оплата,Ошибка оплаты банковской картой,negative,2,low,,Проверить данные карты и транзакцию
902,2025-12-02,Возврат денег,"Товар вернул неделю назад, а деньги еще не поступили.",Возвраты,Задержка возврата средств,negative,2,medium,,Ускорить обработку возвратов
25,2025-12-02,Несоответствие,"Товар совсем не соответствует описанию на сайте. Хотелось бы понять, что делать дальше.",Качество товара,Несоответствие товара описанию,negative,2,medium,,Проверить соответствие товара описанию на сайте
484,2025-12-02,Ошибка оплаты,"Не могу оплатить заказ банковской картой, постоянно появляется ошибка. Поддержка тоже не помогла.",Оплата,Ошибка оплаты банковской картой,negative,3,medium,,Проверить интеграцию банковской карты
371,2025-12-03,История заказов,В личном кабинете пропала история моих заказов.,Личный кабинет,Пропажа истории заказов,negative,3,medium,,Проверить базу данных заказов
916,2025-12-03,Возврат денег,Деньги после отмены заказа до сих пор не вернулись.,Оплата,Отсутствие возврата после отмены заказа,negative,3,medium,,Ускорить обработку возвратов после отмены заказа
787,2025-12-03,Возврат товара,"Хочу вернуть товар, но не понимаю, как оформить возврат. Это уже не первый раз.",Возвраты,Сложность оформления возврата,negative,2,medium,неизвестно,Упростить процесс оформления возврата
301,2025-12-04,Нет ответа,"Пишу в поддержку уже второй день, никто не отвечает. Очень недоволен этой ситуацией.",Поддержка,Отсутствие ответа в поддержке,negative,3,high,Отсутствие ответа в поддержке,Увеличить автоматизацию ответов в поддержке
340,2025-12-05,Не начислены бонусы,За покупку не начислили обещанные бонусы.,Бонусная программа,Не начислены бонусы,negative,2,medium,,Проверить систему начисления бонусов
226,2025-12-05,Авторизация,"Не могу войти в приложение, постоянно выбрасывает на экран входа. Подскажите, пожалуйста, как решить эту проблему.",Мобильное приложение,Ошибка входа в приложение,negative,3,medium,,Проверить статус сессии и аутентификацию
437,2025-12-05,Двойное списание,"С карты дважды списали деньги за один заказ. Надеюсь, вопрос получится быстро решить.",Оплата,Двойное списание заказа,neutral,3,low,,Проверить систему списаний
132,2025-12-06,Долгое ожидание,Очень долго ждал ответа оператора.,Поддержка,Долгое ожидание ответа,negative,2,low,,Оптимизировать обработку запросов
269,2025-12-06,Авторизация,"Не могу войти в приложение, постоянно выбрасывает на экран входа. Хотелось бы понять, что делать дальше.",Мобильное приложение,Проблема входа в приложение,negative,2,medium,,Проверить статус сессии и аутентификацию
89,2025-12-06,Задержка доставки,Жду заказ уже несколько дней дольше обещанного срока.,Доставка,Задержка доставки,negative,3,medium,,Ускорить обработку заказов
835,2025-12-07,Нет ответа,"Пишу в поддержку уже второй день, никто не отвечает. Поддержка тоже не помогла.",Поддержка,Отсутствие ответа в поддержке,negative,3,medium,Отсутствие ответа в поддержке,Увеличить автоматизированную проверку ответов
847,2025-12-07,Не начислены бонусы,За покупку не начислили обещанные бонусы.,Бонусная программа,Не начислены бонусы,negative,2,medium,,Проверить систему начисления бонусов
979,2025-12-07,Нет ответа,"Пишу в поддержку уже второй день, никто не отвечает. Подскажите, пожалуйста, как решить эту проблему.",Поддержка,Отсутствие ответа в поддержке,negative,2,medium,Отсутствие ответа в поддержке,Увеличить частоту ответов в поддержке
887,2025-12-08,Качество поддержки,Оператор не смог решить мой вопрос и просто переключал меня между отделами.,Поддержка,Переключения между отделами,negative,3,medium,,Улучшить координацию между отделами
620,2025-12-08,Курьер,Курьер не приехал в назначенное время и не позвонил.,Доставка,Отсутствие уведомления о доставке,negative,2,low,Отсутствие уведомления о доставке,Улучшить систему уведомлений курьера
385,2025-12-08,Задержка доставки,"Жду заказ уже несколько дней дольше обещанного срока. Подскажите, пожалуйста, как решить эту проблему.",Доставка,Задержка доставки,negative,3,medium,,Уточнить причины задержки и уведомить клиента о планах по исправлению
615,2025-12-09,Задержка доставки,"Жду заказ уже несколько дней дольше обещанного срока. Хотелось бы понять, что делать дальше.",Доставка,Задержка доставки,negative,3,medium,,Уточнить причины задержки и уведомить клиента
696,2025-12-09,Задержка доставки,"Заказ должен был приехать вчера, но курьер так и не приехал. Подскажите, пожалуйста, как решить эту проблему.",Доставка,Задержка курьера,negative,2,low,,Уточнить статус доставки
391,2025-12-09,Ошибка приложения,"После обновления приложение перестало запускаться. Подскажите, пожалуйста, как решить эту проблему.",Мобильное приложение,Приложение не запускается после обновления,negative,2,low,,Проверить совместимость версии приложения с операционной системой
241,2025-12-10,Задержка доставки,Жду заказ уже несколько дней дольше обещанного срока.,Доставка,Задержка доставки,negative,3,medium,,Ускорить обработку заказов
496,2025-12-10,Долгое ожидание,Очень долго ждал ответа оператора. Прошу помочь разобраться.,Поддержка,Долгое ожидание ответа,negative,2,low,,Увеличить количество операторов
432,2025-12-10,Возврат денег,"Товар вернул неделю назад, а деньги еще не поступили.",Возвраты,Задержка возврата средств,negative,2,medium,,Ускорить обработку возвратов
81,2025-12-10,Долгое ожидание,Очень долго ждал ответа оператора.,Поддержка,Долгое ожидание ответа,negative,2,low,,Оптимизировать обработку запросов
324,2025-12-10,Промокод,"Промокод указан как действующий, но система его не принимает. Прошу помочь разобраться.",Цена,Проблема активации промокода,negative,2,low,,Проверить валидность промокода в системе
664,2025-12-10,Возврат денег,Деньги после отмены заказа до сих пор не вернулись. Это уже не первый раз.,Оплата,Отсутствие возврата после отмены заказа,negative,3,medium,,Ускорить обработку возвратов после отмены заказа
315,2025-12-11,Адрес доставки,"Курьер сообщил, что не может найти мой адрес. Прошу срочно решить проблему.",Доставка,Проблема поиска адреса доставки,negative,4,medium,,Проверить корректность адреса в системе
905,2025-12-11,Не начислены бонусы,За покупку не начислили обещанные бонусы.,Бонусная программа,Не начислены бонусы,negative,2,medium,,Проверить систему начисления бонусов
636,2025-12-11,Ошибка приложения,"После обновления приложение перестало запускаться. Подскажите, пожалуйста, как решить эту проблему.",Мобильное приложение,Приложение не запускается после обновления,negative,2,low,,Проверить совместимость версии приложения с операционной системой
798,2025-12-11,Задержка доставки,"Заказ должен был приехать вчера, но курьер так и не приехал.",Доставка,Задержка курьера,negative,2,low,,Уточнить статус доставки у курьера
648,2025-12-11,Долгое ожидание,Очень долго ждал ответа оператора. Прошу помочь разобраться.,Поддержка,Долгое ожидание ответа,negative,2,low,,Увеличить количество операторов
130,2025-12-12,Адрес доставки,"Курьер сообщил, что не может найти мой адрес. Поддержка тоже не помогла.",Доставка,Проблема поиска адреса доставки,negative,2,low,,Проверить точность данных в системе доставки
370,2025-12-12,Нет ответа,"Пишу в поддержку уже второй день, никто не отвечает. Надеюсь, вопрос получится быстро решить.",Поддержка,Отсутствие ответа в поддержке,negative,2,medium,Отсутствие ответа в поддержке,Увеличить частоту ответов в поддержке
771,2025-12-13,Долгое ожидание,Очень долго ждал ответа оператора. Поддержка тоже не помогла.,Поддержка,Долгое ожидание ответа,negative,2,medium,недостаточное количество операторов,Увеличить количество операторов
858,2025-12-13,Повреждение,"Заказ приехал с поврежденной упаковкой. Надеюсь, вопрос получится быстро решить.",Доставка,Поврежденная упаковка при доставке,neutral,2,low,Поврежденная упusing,Проверить качество упаковки перед доставкой
829,2025-12-13,Двойное списание,"С карты дважды списали деньги за один заказ. Надеюсь, вопрос получится быстро решить.",Оплата,Двойное списание заказа,neutral,3,low,,Проверить систему списаний
176,2025-12-13,Скидка,"Обещанная скидка не применилась при оформлении заказа. Подскажите, пожалуйста, как решить эту проблему.",Цена,Не применена обещанная скидка,negative,2,medium,,Проверить условия применения скидки
444,2025-12-14,Скидка,"Обещанная скидка не применилась при оформлении заказа. Хотелось бы понять, что делать дальше.",Цена,Не применена обещанная скидка,negative,2,medium,,Проверить условия применения скидки
497,2025-12-14,Задержка доставки,"Заказ должен был приехать вчера, но курьер так и не приехал.",Доставка,Задержка курьера,negative,2,low,,Уточнить статус доставки у курьера
32,2025-12-15,Возврат товара,"Хочу вернуть товар, но не понимаю, как оформить возврат. Подскажите, пожалуйста, как решить эту проблему.",Возвраты,Сложность оформления возврата,neutral,2,low,неизвестно,Упростить процесс оформления возврата
582,2025-12-15,Качество поддержки,Оператор не смог решить мой вопрос и просто переключал меня между отделами.,Поддержка,Переключения между отделами,negative,3,medium,,Улучшить координацию между отделами
521,2025-12-15,Брак,"Получил товар с явным браком. Если вопрос не решится, больше у вас покупать не буду.",Качество товара,Брак товара,negative,5,high,Брак товара,Исправить брак и предложить компенсацию
574,2025-12-15,Повреждение,Заказ приехал с поврежденной упаковкой. Это уже не первый раз.,Доставка,Поврежденная упаковка при доставке,negative,3,medium,Поврежденная уп: не указано,Проверить качество упаковки перед доставкой
632,2025-12-15,Повреждение,"Заказ приехал с поврежденной упаковкой. Хотелось бы понять, что делать дальше.",Доставка,Поврежденная упаковка при доставке,negative,2,low,,Проверить качество упаковки перед доставкой
19,2025-12-16,Качество поддержки,Оператор не смог решить мой вопрос и просто переключал меня между отделами. Очень недоволен этой ситуацией.,Поддержка,Недовольство переключением между отделами,negative,3,medium,недостаточная координация между отделами,Улучшить процесс переключения между отделами
840,2025-12-16,Ошибка приложения,После обновления приложение перестало запускаться.,Мобильное приложение,Приложение не запускается после обновления,negative,2,low,,Проверить стабильность обновления приложения
287,2025-12-16,Повреждение,Заказ приехал с поврежденной упаковкой.,Доставка,Поврежденная упаковка при доставке,negative,2,low,,Проверить качество упаковки перед доставкой
536,2025-12-17,Ошибка оплаты,"Платеж отклоняется, хотя с картой все в порядке.",Оплата,Ошибка оплаты банковской картой,negative,2,low,,Проверить систему оплаты на ошибки
477,2025-12-17,Отказ в возврате,"Мне отказали в возврате товара без понятного объяснения. Хотелось бы понять, что делать дальше.",Возвраты,Отказ в возврате без объяснения,negative,3,medium,,Уточнить причины отказа возврата
709,2025-12-17,Авторизация,Не могу войти в личный кабинет. Очень недоволен этой ситуацией.,Личный кабинет,Ошибка входа в личный кабин: 3 слова,negative,4,high,,Проверить доступ к личному кабинету
940,2025-12-18,Качество поддержки,Оператор не смог решить мой вопрос и просто переключал меня между отделами.,Поддержка,Переключения между отделами,negative,3,medium,,Улучшить координацию между отделами
570,2025-12-19,Качество поддержки,"Оператор не смог решить мой вопрос и просто переключал меня между отделами. Хотелось бы понять, что делать дальше.",Поддержка,Проблема переключения между отделами,negative,3,medium,непонимание оператора,Улучшить процесс переключения между отделами
537,2025-12-19,Адрес доставки,"Курьер сообщил, что не может найти мой адрес. Подскажите, пожалуйста, как решить эту проблему.",Доставка,Проблема поиска адреса доставки,neutral,2,low,,Проверить корректность адреса в системе
222,2025-12-19,Долгое ожидание,Очень долго ждал ответа оператора.,Поддержка,Долгое ожидание ответа,negative,2,low,,Оптимизировать обработку запросов
724,2025-12-19,Качество поддержки,Оператор не смог решить мой вопрос и просто переключал меня между отделами. Это уже не первый раз.,Поддержка,Переключения между отделами,negative,3,medium,неправильная координация между отделами,Улучшить координацию между отделами
844,2025-12-19,Промокод,"Промокод указан как действующий, но система его не принимает.",Цена,Проблема с действующим промокодом,negative,2,low,,Проверить валидность промокода в системе
397,2025-12-20,Изменилась цена,"В корзине цена товара оказалась выше, чем на странице товара. Подскажите, пожалуйста, как решить эту проблему.",Цена,Неправильная цена в корзине,neutral,2,low,,Проверить синхронизацию цен в корзине
867,2025-12-20,Курьер,Курьер не приехал в назначенное время и не позвонил.,Доставка,Отсутствие уведомления о доставке,negative,2,low,Отсутствие уведомления о доставке,Улучшить систему уведомлений курьера
493,2025-12-20,Возврат денег,"Товар вернул неделю назад, а деньги еще не поступили.",Возвраты,Задержка возврата средств,negative,2,medium,,Ускорить обработку возвратов
328,2025-12-20,Ошибка оплаты,"Платеж отклоняется, хотя с картой все в порядке. Хотелось бы понять, что делать дальше.",Оплата,Ошибка оплаты банковской картой,negative,2,low,,Проверить данные карты и транзакцию
197,2025-12-21,Повреждение,Заказ приехал с поврежденной упаковкой.,Доставка,Поврежденная упаковка при доставке,negative,2,low,,Проверить качество упаковки перед доставкой
439,2025-12-21,Авторизация,"Не могу войти в приложение, постоянно выбрасывает на экран входа. Это уже не первый раз.",Мобильное приложение,Проблема входа в приложение,negative,2,medium,,Проверить статус сессии при входе
716,2025-12-21,Списание бонусов,Не получается использовать накопленные бонусы при оплате.,Бонусная программа,Проблема использования бонусов при оплате,negative,2,medium,,Проверить интеграцию бонусной системы с платежной системой
178,2025-12-23,Ошибка приложения,После обновления приложение перестало запускаться. Поддержка тоже не помогла.,Мобильное приложение,Приложение не запускается после обновления,negative,3,medium,,Проверить стабильность обновления приложения
780,2025-12-23,Возврат товара,"Хочу вернуть товар, но не понимаю, как оформить возврат.",Возвраты,Сложность оформления возврата,negative,2,low,не понимает как оформить возврат,Упростить процесс оформления возврата
137,2025-12-23,Ошибка оплаты,"Платеж отклоняется, хотя с картой все в порядке.",Оплата,Ошибка оплаты банковской картой,negative,2,low,,Проверить систему оплаты на ошибки
140,2025-12-23,Брак,Получил товар с явным браком. Прошу помочь разобраться.,Качество товара,Брак товара,negative,3,medium,,Проверить качество поставок
884,2025-12-24,Возврат товара,"Хочу вернуть товар, но не понимаю, как оформить возврат.",Возвраты,Сложность оформления возврата,negative,2,low,не понимает как оформить возврат,Упростить процесс оформления возврата
251,2025-12-24,Возврат товара,"Хочу вернуть товар, но не понимаю, как оформить возврат. Очень недоволен этой ситуацией.",Возвраты,Сложность оформления возврата,negative,2,medium,не понимает как оформить возврат,Упростить процесс оформления возврата
964,2025-12-24,Ошибка оплаты,"Не могу оплатить заказ банковской картой, постоянно появляется ошибка. Это уже не первый раз.",Оплата,Ошибка оплаты банковской картой,negative,3,medium,,Проверить интеграцию банковской карты
639,2025-12-25,Задержка доставки,"Заказ должен был приехать вчера, но курьер так и не приехал. Если вопрос не решится, больше у вас покупать не буду.",Доставка,Задержка курьера,negative,5,high,,Ускорить доставку курьера
320,2025-12-25,Адрес доставки,"Курьер сообщил, что не может найти мой адрес.",Доставка,Проблема поиска адреса доставки,negative,2,low,,Проверить точность данных в системе доставки
513,2025-12-25,Долгое ожидание,Очень долго ждал ответа оператора. Прошу помочь разобраться.,Поддержка,Долгое ожидание ответа,negative,2,low,,Увеличить количество операторов
965,2025-12-25,Двойное списание,"С карты дважды списали деньги за один заказ. Надеюсь, вопрос получится быстро решить.",Оплата,Двойное списание заказа,neutral,3,low,,Проверить систему списаний
654,2025-12-27,Не начислены бонусы,За покупку не начислили обещанные бонусы. Это уже не первый раз.,Бонусная программа,Не начислены бонусы,negative,3,medium,,Проверить систему начисления бонусов
390,2025-12-27,Повреждение,Заказ приехал с поврежденной упаковкой. Прошу срочно решить проблему.,Доставка,Поврежденная упаковка при доставке,negative,3,medium,Поврежденная уп:паковка при доставке,Проверить качество упаковки перед доставкой
932,2025-12-27,Нет ответа,"Пишу в поддержку уже второй день, никто не отвечает.",Поддержка,Отсутствие ответа в поддержке,negative,3,medium,Отсутствие ответа в поддержке,Увеличить автоматизацию ответов в поддержке
97,2025-12-28,Возврат товара,"Хочу вернуть товар, но не понимаю, как оформить возврат.",Возвраты,Сложность оформления возврата,negative,2,low,не понимает как оформить возврат,Упростить процесс оформления возврата
698,2025-12-29,Задержка доставки,Жду заказ уже несколько дней дольше обещанного срока. Прошу помочь разобраться.,Доставка,Задержка доставки,negative,3,medium,,Проверить логистику и уточнить сроки доставки
53,2025-12-29,Нет ответа,"Пишу в поддержку уже второй день, никто не отвечает.",Поддержка,Отсутствие ответа в поддержке,negative,3,medium,Отсутствие ответа в поддержке,Увеличить автоматизацию ответов в поддержке
206,2025-12-29,Поврежденный товар,Товар приехал поврежденным и пользоваться им невозможно.,Качество товара,Поврежденный товар,negative,5,high,,Исправить доставку и проверку товара
820,2025-12-30,Долгое ожидание,Очень долго ждал ответа оператора.,Поддержка,Долгое ожидание ответа,negative,2,low,,Оптимизировать обработку запросов
733,2025-12-31,Авторизация,"Не могу войти в приложение, постоянно выбрасывает на экран входа. Это уже не первый раз.",Мобильное приложение,Проблема входа в приложение,negative,2,medium,,Проверить статус сессии при входе
894,2025-12-31,Документы,В документах к заказу указаны неверные данные.,Документы,Неверные данные в документах заказа,negative,2,low,,Проверить данные в документах заказа
