id,date,theme,text,category
467,2025-01-01,Нет ответа,"Пишу в поддержку уже второй день, никто не отвечает. Надеюсь, вопрос получится быстро решить.",Поддержка
95,2025-01-02,Возврат товара,"Хочу вернуть товар, но не понимаю, как оформить возврат. Очень недоволен этой ситуацией.",Возвраты
647,2025-01-02,История заказов,"В личном кабинете пропала история моих заказов. Хотелось бы понять, что делать дальше.",Личный кабинет
735,2025-01-03,Скидка,Обещанная скидка не применилась при оформлении заказа.,Цена
913,2025-01-04,Изменилась цена,"В корзине цена товара оказалась выше, чем на странице товара.",Цена
915,2025-01-05,Чек,Не получил электронный чек после покупки. Поддержка тоже не помогла.,Документы
859,2025-01-05,Нет ответа,"Пишу в поддержку уже второй день, никто не отвечает. Хотелось бы понять, что делать дальше.",Поддержка
88,2025-01-05,Корзина,"Добавляю товар в корзину, но он сразу исчезает. Если вопрос не решится, больше у вас покупать не буду.",Мобильное приложение
889,2025-01-06,Курьер,Курьер не приехал в назначенное время и не позвонил. Прошу помочь разобраться.,Доставка
872,2025-01-07,Счет,Не могу получить счет на заказ.,Документы
209,2025-01-07,Долгое ожидание,"Очень долго ждал ответа оператора. Хотелось бы понять, что делать дальше.",Поддержка
677,2025-01-08,Двойное списание,С карты дважды списали деньги за один заказ. Это уже не первый раз.,Оплата
652,2025-01-09,Ошибка оплаты,"Не могу оплатить заказ банковской картой, постоянно появляется ошибка.",Оплата
568,2025-01-09,Отказ в возврате,Мне отказали в возврате товара без понятного объяснения.,Возвраты
196,2025-01-09,Задержка доставки,"Жду заказ уже несколько дней дольше обещанного срока. Подскажите, пожалуйста, как решить эту проблему.",Доставка
167,2025-01-10,Авторизация,Не могу войти в личный кабинет.,Личный кабинет
954,2025-01-10,Документы,В документах к заказу указаны неверные данные.,Документы
236,2025-01-11,Документы,В документах к заказу указаны неверные данные. Прошу срочно решить проблему.,Документы
170,2025-01-11,Нет ответа,"Пишу в поддержку уже второй день, никто не отвечает.",Поддержка
995,2025-01-11,Ошибка оплаты,"Не могу оплатить заказ банковской картой, постоянно появляется ошибка.",Оплата
972,2025-01-12,Задержка доставки,Жду заказ уже несколько дней дольше обещанного срока. Поддержка тоже не помогла.,Доставка
548,2025-01-12,Адрес доставки,"Курьер сообщил, что не может найти мой адрес. Прошу помочь разобраться.",Доставка
296,2025-01-12,Документы,"В документах к заказу указаны неверные данные. Подскажите, пожалуйста, как решить эту проблему.",Документы
776,2025-01-13,Поврежденный товар,"Товар приехал поврежденным и пользоваться им невозможно. Подскажите, пожалуйста, как решить эту проблему.",Качество товара
111,2025-01-13,Ошибка приложения,Приложение зависает при оформлении заказа.,Мобильное приложение
453,2025-01-14,Возврат денег,"Товар вернул неделю назад, а деньги еще не поступили. Прошу помочь разобраться.",Возвраты
532,2025-01-15,Повреждение,Заказ приехал с поврежденной упаковкой.,Доставка
999,2025-01-16,Несоответствие,Товар совсем не соответствует описанию на сайте.,Качество товара
169,2025-01-16,Изменилась цена,"В корзине цена товара оказалась выше, чем на странице товара. Прошу срочно решить проблему.",Цена
4,2025-01-16,Задержка доставки,Жду заказ уже несколько дней дольше обещанного срока. Прошу помочь разобраться.,Доставка
958,2025-01-16,Скидка,Обещанная скидка не применилась при оформлении заказа.,Цена
23,2025-01-17,Списание бонусов,Не получается использовать накопленные бонусы при оплате.,Бонусная программа
54,2025-01-17,Не начислены бонусы,За покупку не начислили обещанные бонусы. Прошу помочь разобраться.,Бонусная программа
719,2025-01-17,Курьер,Курьер не приехал в назначенное время и не позвонил.,Доставка
817,2025-01-17,Поврежденный товар,Товар приехал поврежденным и пользоваться им невозможно. Прошу срочно решить проблему.,Качество товара
603,2025-01-19,Счет,Не могу получить счет на заказ. Поддержка тоже не помогла.,Документы
270,2025-01-19,Повреждение,Заказ приехал с поврежденной упаковкой.,Доставка
605,2025-01-20,Повреждение,"Заказ приехал с поврежденной упаковкой. Надеюсь, вопрос получится быстро решить.",Доставка
562,2025-01-20,Курьер,Курьер не приехал в назначенное время и не позвонил. Поддержка тоже не помогла.,Доставка
109,2025-01-20,Не начислены бонусы,За покупку не начислили обещанные бонусы.,Бонусная программа
457,2025-01-20,Ошибка оплаты,"Платеж отклоняется, хотя с картой все в порядке. Это уже не первый раз.",Оплата
877,2025-01-21,Скидка,Обещанная скидка не применилась при оформлении заказа. Прошу помочь разобраться.,Цена
674,2025-01-21,Изменилась цена,"В корзине цена товара оказалась выше, чем на странице товара. Поддержка тоже не помогла.",Цена
944,2025-01-22,Изменилась цена,"В корзине цена товара оказалась выше, чем на странице товара.",Цена
392,2025-01-22,Поврежденный товар,"Товар приехал поврежденным и пользоваться им невозможно. Если вопрос не решится, больше у вас покупать не буду.",Качество товара
416,2025-01-22,Несоответствие,Товар совсем не соответствует описанию на сайте. Очень недоволен этой ситуацией.,Качество товара
814,2025-01-22,История заказов,В личном кабинете пропала история моих заказов. Прошу помочь разобраться.,Личный кабинет
589,2025-01-22,Ошибка оплаты,"Не могу оплатить заказ банковской картой, постоянно появляется ошибка.",Оплата
119,2025-01-23,Ошибка приложения,После обновления приложение перестало запускаться. Прошу помочь разобраться.,Мобильное приложение
781,2025-01-23,Не начислены бонусы,За покупку не начислили обещанные бонусы.,Бонусная программа
655,2025-01-23,Возврат товара,"Хочу вернуть товар, но не понимаю, как оформить возврат. Прошу помочь разобраться.",Возвраты
900,2025-01-24,Поврежденный товар,"Товар приехал поврежденным и пользоваться им невозможно. Если вопрос не решится, больше у вас покупать не буду.",Качество товара
717,2025-01-24,Промокод,"Промокод указан как действующий, но система его не принимает. Если вопрос не решится, больше у вас покупать не буду.",Цена
65,2025-01-26,Ошибка приложения,После обновления приложение перестало запускаться.,Мобильное приложение
164,2025-01-26,Возврат денег,Деньги после отмены заказа до сих пор не вернулись.,Оплата
594,2025-01-26,Авторизация,"Не могу войти в приложение, постоянно выбрасывает на экран входа. Очень недоволен этой ситуацией.",Мобильное приложение
364,2025-01-27,Документы,В документах к заказу указаны неверные данные.,Документы
60,2025-01-28,Ошибка приложения,После обновления приложение перестало запускаться.,Мобильное приложение
207,2025-01-28,Качество поддержки,Оператор не смог решить мой вопрос и просто переключал меня между отделами.,Поддержка
634,2025-01-29,Несоответствие,"Товар совсем не соответствует описанию на сайте. Подскажите, пожалуйста, как решить эту проблему.",Качество товара
968,2025-01-29,Двойное списание,С карты дважды списали деньги за один заказ.,Оплата
412,2025-01-30,Возврат денег,"Товар вернул неделю назад, а деньги еще не поступили.",Возвраты
71,2025-01-30,Качество поддержки,Оператор не смог решить мой вопрос и просто переключал меня между отделами.,Поддержка
44,2025-01-30,Ошибка оплаты,"Не могу оплатить заказ банковской картой, постоянно появляется ошибка.",Оплата
74,2025-01-30,Чек,Не получил электронный чек после покупки. Прошу срочно решить проблему.,Документы
695,2025-01-31,Брак,Получил товар с явным браком. Прошу срочно решить проблему.,Качество товара
951,2025-02-01,Адрес доставки,"Курьер сообщил, что не может найти мой адрес.",Доставка
153,2025-02-01,Ошибка оплаты,"Платеж отклоняется, хотя с картой все в порядке. Подскажите, пожалуйста, как решить эту проблему.",Оплата
331,2025-02-01,Возврат товара,"Хочу вернуть товар, но не понимаю, как оформить возврат.",Возвраты
578,2025-02-01,Авторизация,"Не могу войти в приложение, постоянно выбрасывает на экран входа. Прошу помочь разобраться.",Мобильное приложение
464,2025-02-02,Адрес доставки,"Курьер сообщил, что не может найти мой адрес. Надеюсь, вопрос получится быстро решить.",Доставка
51,2025-02-02,Отказ в возврате,Мне отказали в возврате товара без понятного объяснения. Прошу помочь разобраться.,Возвраты
344,2025-02-02,Поврежденный товар,Товар приехал поврежденным и пользоваться им невозможно. Прошу помочь разобраться.,Качество товара
319,2025-02-02,Долгое ожидание,"Очень долго ждал ответа оператора. Если вопрос не решится, больше у вас покупать не буду.",Поддержка
24,2025-02-03,Возврат денег,Деньги после отмены заказа до сих пор не вернулись.,Оплата
942,2025-02-03,Адрес доставки,"Курьер сообщил, что не может найти мой адрес. Поддержка тоже не помогла.",Доставка
473,2025-02-04,Отказ в возврате,Мне отказали в возврате товара без понятного объяснения. Очень недоволен этой ситуацией.,Возвраты
260,2025-02-05,Ошибка оплаты,"Платеж отклоняется, хотя с картой все в порядке.",Оплата
640,2025-02-05,Счет,Не могу получить счет на заказ.,Документы
85,2025-02-05,Скидка,Обещанная скидка не применилась при оформлении заказа.,Цена
82,2025-02-07,Повреждение,"Заказ приехал с поврежденной упаковкой. Надеюсь, вопрос получится быстро решить.",Доставка
411,2025-02-07,Ошибка оплаты,"Платеж отклоняется, хотя с картой все в порядке.",Оплата
509,2025-02-07,Несоответствие,"Товар совсем не соответствует описанию на сайте. Хотелось бы понять, что делать дальше.",Качество товара
732,2025-02-07,Задержка доставки,"Жду заказ уже несколько дней дольше обещанного срока. Подскажите, пожалуйста, как решить эту проблему.",Доставка
64,2025-02-08,Несоответствие,Товар совсем не соответствует описанию на сайте.,Качество товара
221,2025-02-08,Адрес доставки,"Курьер сообщил, что не может найти мой адрес. Хотелось бы понять, что делать дальше.",Доставка
98,2025-02-08,Промокод,"Промокод указан как действующий, но система его не принимает. Если вопрос не решится, больше у вас покупать не буду.",Цена
997,2025-02-08,Нет ответа,"Пишу в поддержку уже второй день, никто не отвечает.",Поддержка
726,2025-02-08,Отказ в возврате,"Мне отказали в возврате товара без понятного объяснения. Надеюсь, вопрос получится быстро решить.",Возвраты
274,2025-02-08,Поврежденный товар,Товар приехал поврежденным и пользоваться им невозможно.,Качество товара
435,2025-02-09,Ошибка оплаты,"Не могу оплатить заказ банковской картой, постоянно появляется ошибка. Прошу помочь разобраться.",Оплата
904,2025-02-09,Нет ответа,"Пишу в поддержку уже второй день, никто не отвечает. Прошу помочь разобраться.",Поддержка
393,2025-02-09,Пропали бонусы,"Из личного кабинета исчезли мои бонусные баллы. Подскажите, пожалуйста, как решить эту проблему.",Бонусная программа
399,2025-02-10,Возврат денег,"Товар вернул неделю назад, а деньги еще не поступили. Это уже не первый раз.",Возвраты
491,2025-02-10,Возврат денег,Деньги после отмены заказа до сих пор не вернулись.,Оплата
671,2025-02-10,Скидка,Обещанная скидка не применилась при оформлении заказа.,Цена
350,2025-02-11,Двойное списание,С карты дважды списали деньги за один заказ.,Оплата
427,2025-02-11,Нет ответа,"Пишу в поддержку уже второй день, никто не отвечает. Если вопрос не решится, больше у вас покупать не буду.",Поддержка
220,2025-02-11,Задержка доставки,Жду заказ уже несколько дней дольше обещанного срока. Прошу помочь разобраться.,Доставка
233,2025-02-11,Долгое ожидание,Очень долго ждал ответа оператора. Это уже не первый раз.,Поддержка
450,2025-02-12,История заказов,"В личном кабинете пропала история моих заказов. Хотелось бы понять, что делать дальше.",Личный кабинет
379,2025-02-13,Изменилась цена,"В корзине цена товара оказалась выше, чем на странице товара.",Цена
921,2025-02-13,Качество поддержки,Оператор не смог решить мой вопрос и просто переключал меня между отделами.,Поддержка
193,2025-02-13,Ошибка оплаты,"Платеж отклоняется, хотя с картой все в порядке. Хотелось бы понять, что делать дальше.",Оплата
777,2025-02-13,Задержка доставки,Жду заказ уже несколько дней дольше обещанного срока.,Доставка
187,2025-02-14,Ошибка оплаты,"Платеж отклоняется, хотя с картой все в порядке.",Оплата
510,2025-02-14,Списание бонусов,Не получается использовать накопленные бонусы при оплате. Очень недоволен этой ситуацией.,Бонусная программа
908,2025-02-14,Нет ответа,"Пишу в поддержку уже второй день, никто не отвечает.",Поддержка
818,2025-02-14,Брак,Получил товар с явным браком. Поддержка тоже не помогла.,Качество товара
855,2025-02-15,Авторизация,Не могу войти в личный кабинет.,Личный кабинет
986,2025-02-15,Пропали бонусы,Из личного кабинета исчезли мои бонусные баллы. Очень недоволен этой ситуацией.,Бонусная программа
280,2025-02-16,Брак,Получил товар с явным браком. Поддержка тоже не помогла.,Качество товара
313,2025-02-16,Авторизация,Не могу войти в личный кабинет.,Личный кабинет
633,2025-02-16,Скидка,Обещанная скидка не применилась при оформлении заказа. Поддержка тоже не помогла.,Цена
834,2025-02-17,История заказов,В личном кабинете пропала история моих заказов. Очень недоволен этой ситуацией.,Личный кабинет
10,2025-02-17,Возврат денег,"Товар вернул неделю назад, а деньги еще не поступили. Прошу срочно решить проблему.",Возвраты
254,2025-02-17,Ошибка оплаты,"Не могу оплатить заказ банковской картой, постоянно появляется ошибка. Хотелось бы понять, что делать дальше.",Оплата
529,2025-02-17,Брак,"Получил товар с явным браком. Надеюсь, вопрос получится быстро решить.",Качество товара
850,2025-02-18,Адрес доставки,"Курьер сообщил, что не может найти мой адрес.",Доставка
357,2025-02-18,Возврат денег,Деньги после отмены заказа до сих пор не вернулись. Очень недоволен этой ситуацией.,Оплата
559,2025-02-19,Возврат денег,"Товар вернул неделю назад, а деньги еще не поступили. Прошу помочь разобраться.",Возвраты
302,2025-02-19,Промокод,"Промокод указан как действующий, но система его не принимает.",Цена
683,2025-02-20,Пропали бонусы,"Из личного кабинета исчезли мои бонусные баллы. Хотелось бы понять, что делать дальше.",Бонусная программа
83,2025-02-21,Задержка доставки,Жду заказ уже несколько дней дольше обещанного срока. Прошу помочь разобраться.,Доставка
975,2025-02-21,Возврат денег,"Товар вернул неделю назад, а деньги еще не поступили.",Возвраты
271,2025-02-21,Скидка,Обещанная скидка не применилась при оформлении заказа.,Цена
449,2025-02-22,Ошибка приложения,После обновления приложение перестало запускаться.,Мобильное приложение
103,2025-02-22,Отказ в возврате,"Мне отказали в возврате товара без понятного объяснения. Если вопрос не решится, больше у вас покупать не буду.",Возвраты
791,2025-02-22,Профиль,Не получается изменить номер телефона в профиле.,Личный кабинет
403,2025-02-22,Задержка доставки,Жду заказ уже несколько дней дольше обещанного срока.,Доставка
39,2025-02-24,Скидка,Обещанная скидка не применилась при оформлении заказа. Прошу срочно решить проблему.,Цена
398,2025-02-24,Ошибка оплаты,"Платеж отклоняется, хотя с картой все в порядке. Прошу помочь разобраться.",Оплата
606,2025-02-24,Скидка,Обещанная скидка не применилась при оформлении заказа.,Цена
749,2025-02-24,Задержка доставки,"Заказ должен был приехать вчера, но курьер так и не приехал. Подскажите, пожалуйста, как решить эту проблему.",Доставка
139,2025-02-24,Авторизация,Не могу войти в личный кабинет.,Личный кабинет
367,2025-02-25,Отказ в возврате,Мне отказали в возврате товара без понятного объяснения.,Возвраты
175,2025-02-25,Долгое ожидание,"Очень долго ждал ответа оператора. Надеюсь, вопрос получится быстро решить.",Поддержка
349,2025-02-25,Поврежденный товар,Товар приехал поврежденным и пользоваться им невозможно.,Качество товара
116,2025-02-25,Долгое ожидание,Очень долго ждал ответа оператора. Это уже не первый раз.,Поддержка
989,2025-02-25,Ошибка приложения,"После обновления приложение перестало запускаться. Подскажите, пожалуйста, как решить эту проблему.",Мобильное приложение
553,2025-02-25,Поврежденный товар,Товар приехал поврежденным и пользоваться им невозможно. Это уже не первый раз.,Качество товара
575,2025-02-26,Адрес доставки,"Курьер сообщил, что не может найти мой адрес.",Доставка
31,2025-02-26,Задержка доставки,Жду заказ уже несколько дней дольше обещанного срока. Поддержка тоже не помогла.,Доставка
973,2025-02-26,Списание бонусов,Не получается использовать накопленные бонусы при оплате.,Бонусная программа
610,2025-02-27,Отказ в возврате,"Мне отказали в возврате товара без понятного объяснения. Хотелось бы понять, что делать дальше.",Возвраты
651,2025-02-27,Адрес доставки,"Курьер сообщил, что не может найти мой адрес. Надеюсь, вопрос получится быстро решить.",Доставка
504,2025-02-28,Задержка доставки,"Жду заказ уже несколько дней дольше обещанного срока. Хотелось бы понять, что делать дальше.",Доставка
758,2025-02-28,Изменилась цена,"В корзине цена товара оказалась выше, чем на странице товара. Надеюсь, вопрос получится быстро решить.",Цена
368,2025-02-28,Профиль,Не получается изменить номер телефона в профиле.,Личный кабинет
35,2025-02-28,Корзина,"Добавляю товар в корзину, но он сразу исчезает. Поддержка тоже не помогла.",Мобильное приложение
813,2025-02-28,Возврат денег,Деньги после отмены заказа до сих пор не вернулись. Прошу помочь разобраться.,Оплата
174,2025-02-28,Авторизация,Не могу войти в личный кабинет.,Личный кабинет
227,2025-02-28,Качество поддержки,Оператор не смог решить мой вопрос и просто переключал меня между отделами.,Поддержка
310,2025-02-28,Брак,Получил товар с явным браком.,Качество товара
245,2025-03-01,Счет,Не могу получить счет на заказ. Прошу срочно решить проблему.,Документы
90,2025-03-01,Промокод,"Промокод указан как действующий, но система его не принимает. Прошу помочь разобраться.",Цена
678,2025-03-02,История заказов,"В личном кабинете пропала история моих заказов. Если вопрос не решится, больше у вас покупать не буду.",Личный кабинет
892,2025-03-02,Авторизация,Не могу войти в личный кабинет.,Личный кабинет
255,2025-03-02,Нет ответа,"Пишу в поддержку уже второй день, никто не отвечает. Хотелось бы понять, что делать дальше.",Поддержка
888,2025-03-03,Задержка доставки,Жду заказ уже несколько дней дольше обещанного срока. Это уже не первый раз.,Доставка
853,2025-03-03,Счет,Не могу получить счет на заказ. Это уже не первый раз.,Документы
931,2025-03-03,Курьер,Курьер не приехал в назначенное время и не позвонил. Прошу срочно решить проблему.,Доставка
842,2025-03-05,Изменилась цена,"В корзине цена товара оказалась выше, чем на странице товара. Хотелось бы понять, что делать дальше.",Цена
863,2025-03-05,Долгое ожидание,Очень долго ждал ответа оператора.,Поддержка
524,2025-03-05,Поврежденный товар,Товар приехал поврежденным и пользоваться им невозможно.,Качество товара
351,2025-03-06,Возврат денег,"Деньги после отмены заказа до сих пор не вернулись. Подскажите, пожалуйста, как решить эту проблему.",Оплата
499,2025-03-06,Курьер,Курьер не приехал в назначенное время и не позвонил.,Доставка
343,2025-03-06,Профиль,Не получается изменить номер телефона в профиле.,Личный кабинет
528,2025-03-06,Качество поддержки,Оператор не смог решить мой вопрос и просто переключал меня между отделами. Прошу помочь разобраться.,Поддержка
46,2025-03-06,Адрес доставки,"Курьер сообщил, что не может найти мой адрес. Прошу помочь разобраться.",Доставка
943,2025-03-07,Курьер,Курьер не приехал в назначенное время и не позвонил.,Доставка
125,2025-03-07,Адрес доставки,"Курьер сообщил, что не может найти мой адрес. Очень недоволен этой ситуацией.",Доставка
431,2025-03-07,Ошибка приложения,После обновления приложение перестало запускаться. Очень недоволен этой ситуацией.,Мобильное приложение
523,2025-03-08,Брак,Получил товар с явным браком. Прошу срочно решить проблему.,Качество товара
361,2025-03-08,Качество поддержки,Оператор не смог решить мой вопрос и просто переключал меня между отделами. Прошу помочь разобраться.,Поддержка
854,2025-03-09,Брак,"Получил товар с явным браком. Подскажите, пожалуйста, как решить эту проблему.",Качество товара
851,2025-03-09,Качество поддержки,Оператор не смог решить мой вопрос и просто переключал меня между отделами. Очень недоволен этой ситуацией.,Поддержка
142,2025-03-10,Пропали бонусы,Из личного кабинета исчезли мои бонусные баллы. Прошу помочь разобраться.,Бонусная программа
624,2025-03-10,Поврежденный товар,Товар приехал поврежденным и пользоваться им невозможно. Это уже не первый раз.,Качество товара
150,2025-03-12,Адрес доставки,"Курьер сообщил, что не может найти мой адрес. Это уже не первый раз.",Доставка
801,2025-03-12,Долгое ожидание,Очень долго ждал ответа оператора.,Поддержка
697,2025-03-12,Не начислены бонусы,За покупку не начислили обещанные бонусы.,Бонусная программа
744,2025-03-13,Возврат денег,"Деньги после отмены заказа до сих пор не вернулись. Хотелось бы понять, что делать дальше.",Оплата
515,2025-03-13,Ошибка оплаты,"Платеж отклоняется, хотя с картой все в порядке.",Оплата
458,2025-03-13,История заказов,"В личном кабинете пропала история моих заказов. Хотелось бы понять, что делать дальше.",Личный кабинет
321,2025-03-13,Задержка доставки,"Заказ должен был приехать вчера, но курьер так и не приехал.",Доставка
938,2025-03-13,Задержка доставки,"Заказ должен был приехать вчера, но курьер так и не приехал. Прошу срочно решить проблему.",Доставка
800,2025-03-14,Поврежденный товар,"Товар приехал поврежденным и пользоваться им невозможно. Надеюсь, вопрос получится быстро решить.",Качество товара
375,2025-03-14,Авторизация,Не могу войти в личный кабинет.,Личный кабинет
273,2025-03-15,Отказ в возврате,Мне отказали в возврате товара без понятного объяснения.,Возвраты
374,2025-03-15,Долгое ожидание,Очень долго ждал ответа оператора.,Поддержка
26,2025-03-15,Двойное списание,С карты дважды списали деньги за один заказ. Это уже не первый раз.,Оплата
539,2025-03-15,Возврат денег,Деньги после отмены заказа до сих пор не вернулись. Это уже не первый раз.,Оплата
745,2025-03-16,Адрес доставки,"Курьер сообщил, что не может найти мой адрес.",Доставка
686,2025-03-16,Повреждение,"Заказ приехал с поврежденной упаковкой. Если вопрос не решится, больше у вас покупать не буду.",Доставка
828,2025-03-16,Авторизация,"Не могу войти в приложение, постоянно выбрасывает на экран входа. Поддержка тоже не помогла.",Мобильное приложение
138,2025-03-17,Ошибка приложения,"После обновления приложение перестало запускаться. Если вопрос не решится, больше у вас покупать не буду.",Мобильное приложение
337,2025-03-17,Профиль,Не получается изменить номер телефона в профиле.,Личный кабинет
705,2025-03-18,Возврат денег,Деньги после отмены заказа до сих пор не вернулись. Прошу срочно решить проблему.,Оплата
901,2025-03-18,Задержка доставки,"Заказ должен был приехать вчера, но курьер так и не приехал. Прошу помочь разобраться.",Доставка
213,2025-03-18,Списание бонусов,Не получается использовать накопленные бонусы при оплате.,Бонусная программа
99,2025-03-18,Долгое ожидание,"Очень долго ждал ответа оператора. Надеюсь, вопрос получится быстро решить.",Поддержка
418,2025-03-19,Счет,Не могу получить счет на заказ.,Документы
501,2025-03-20,Корзина,"Добавляю товар в корзину, но он сразу исчезает.",Мобильное приложение
151,2025-03-20,Ошибка приложения,"После обновления приложение перестало запускаться. Подскажите, пожалуйста, как решить эту проблему.",Мобильное приложение
688,2025-03-20,Задержка доставки,"Жду заказ уже несколько дней дольше обещанного срока. Подскажите, пожалуйста, как решить эту проблему.",Доставка
366,2025-03-21,Авторизация,"Не могу войти в приложение, постоянно выбрасывает на экран входа. Прошу срочно решить проблему.",Мобильное приложение
928,2025-03-21,Адрес доставки,"Курьер сообщил, что не может найти мой адрес. Хотелось бы понять, что делать дальше.",Доставка
91,2025-03-21,Двойное списание,С карты дважды списали деньги за один заказ. Это уже не первый раз.,Оплата
9,2025-03-21,Возврат денег,Деньги после отмены заказа до сих пор не вернулись.,Оплата
86,2025-03-22,Несоответствие,Товар совсем не соответствует описанию на сайте. Это уже не первый раз.,Качество товара
976,2025-03-22,История заказов,В личном кабинете пропала история моих заказов. Поддержка тоже не помогла.,Личный кабинет
897,2025-03-22,Ошибка оплаты,"Не могу оплатить заказ банковской картой, постоянно появляется ошибка. Если вопрос не решится, больше у вас покупать не буду.",Оплата
37,2025-03-22,Несоответствие,"Товар совсем не соответствует описанию на сайте. Если вопрос не решится, больше у вас покупать не буду.",Качество товара
845,2025-03-23,Скидка,Обещанная скидка не применилась при оформлении заказа.,Цена
960,2025-03-23,Задержка доставки,Жду заказ уже несколько дней дольше обещанного срока.,Доставка
145,2025-03-23,История заказов,"В личном кабинете пропала история моих заказов. Хотелось бы понять, что делать дальше.",Личный кабинет
8,2025-03-23,Корзина,"Добавляю товар в корзину, но он сразу исчезает.",Мобильное приложение
545,2025-03-23,Пропали бонусы,Из личного кабинета исчезли мои бонусные баллы. Это уже не первый раз.,Бонусная программа
525,2025-03-24,Двойное списание,С карты дважды списали деньги за один заказ.,Оплата
565,2025-03-25,Отказ в возврате,Мне отказали в возврате товара без понятного объяснения. Это уже не первый раз.,Возвраты
783,2025-03-26,Промокод,"Промокод указан как действующий, но система его не принимает.",Цена
308,2025-03-26,Ошибка оплаты,"Платеж отклоняется, хотя с картой все в порядке. Поддержка тоже не помогла.",Оплата
160,2025-03-26,Не начислены бонусы,"За покупку не начислили обещанные бонусы. Надеюсь, вопрос получится быстро решить.",Бонусная программа
47,2025-03-26,Ошибка оплаты,"Платеж отклоняется, хотя с картой все в порядке.",Оплата
229,2025-03-26,Профиль,Не получается изменить номер телефона в профиле. Это уже не первый раз.,Личный кабинет
809,2025-03-27,Задержка доставки,"Заказ должен был приехать вчера, но курьер так и не приехал. Поддержка тоже не помогла.",Доставка
803,2025-03-27,Брак,Получил товар с явным браком.,Качество товара
282,2025-03-27,Ошибка приложения,После обновления приложение перестало запускаться.,Мобильное приложение
131,2025-03-28,Корзина,"Добавляю товар в корзину, но он сразу исчезает. Прошу помочь разобраться.",Мобильное приложение
396,2025-03-29,Пропали бонусы,"Из личного кабинета исчезли мои бонусные баллы. Хотелось бы понять, что делать дальше.",Бонусная программа
20,2025-03-29,Нет ответа,"Пишу в поддержку уже второй день, никто не отвечает.",Поддержка
963,2025-03-30,Повреждение,Заказ приехал с поврежденной упаковкой.,Доставка
978,2025-03-31,Корзина,"Добавляю товар в корзину, но он сразу исчезает.",Мобильное приложение
126,2025-03-31,Долгое ожидание,"Очень долго ждал ответа оператора. Подскажите, пожалуйста, как решить эту проблему.",Поддержка
286,2025-03-31,Адрес доставки,"Курьер сообщил, что не может найти мой адрес. Надеюсь, вопрос получится быстро решить.",Доставка
602,2025-03-31,Возврат товара,"Хочу вернуть товар, но не понимаю, как оформить возврат. Если вопрос не решится, больше у вас покупать не буду.",Возвраты
662,2025-03-31,Долгое ожидание,Очень долго ждал ответа оператора. Прошу помочь разобраться.,Поддержка
971,2025-04-01,Скидка,Обещанная скидка не применилась при оформлении заказа.,Цена
981,2025-04-01,Ошибка приложения,Приложение зависает при оформлении заказа. Прошу срочно решить проблему.,Мобильное приложение
704,2025-04-02,Задержка доставки,"Заказ должен был приехать вчера, но курьер так и не приехал. Прошу помочь разобраться.",Доставка
372,2025-04-03,Возврат денег,"Деньги после отмены заказа до сих пор не вернулись. Если вопрос не решится, больше у вас покупать не буду.",Оплата
490,2025-04-03,Долгое ожидание,Очень долго ждал ответа оператора.,Поддержка
957,2025-04-03,Повреждение,Заказ приехал с поврежденной упаковкой.,Доставка
694,2025-04-05,Промокод,"Промокод указан как действующий, но система его не принимает. Очень недоволен этой ситуацией.",Цена
666,2025-04-05,История заказов,В личном кабинете пропала история моих заказов.,Личный кабинет
75,2025-04-06,Задержка доставки,"Заказ должен был приехать вчера, но курьер так и не приехал. Очень недоволен этой ситуацией.",Доставка
487,2025-04-06,Поврежденный товар,Товар приехал поврежденным и пользоваться им невозможно.,Качество товара
730,2025-04-06,Ошибка приложения,Приложение зависает при оформлении заказа.,Мобильное приложение
266,2025-04-07,Чек,"Не получил электронный чек после покупки. Надеюсь, вопрос получится быстро решить.",Документы
966,2025-04-07,Списание бонусов,Не получается использовать накопленные бонусы при оплате. Прошу помочь разобраться.,Бонусная программа
417,2025-04-07,Ошибка оплаты,"Платеж отклоняется, хотя с картой все в порядке. Прошу помочь разобраться.",Оплата
14,2025-04-09,Ошибка приложения,После обновления приложение перестало запускаться. Очень недоволен этой ситуацией.,Мобильное приложение
62,2025-04-09,Адрес доставки,"Курьер сообщил, что не может найти мой адрес.",Доставка
201,2025-04-09,Двойное списание,С карты дважды списали деньги за один заказ.,Оплата
613,2025-04-09,Адрес доставки,"Курьер сообщил, что не может найти мой адрес. Прошу срочно решить проблему.",Доставка
806,2025-04-10,Пропали бонусы,Из личного кабинета исчезли мои бонусные баллы. Прошу помочь разобраться.,Бонусная программа
527,2025-04-11,Качество поддержки,Оператор не смог решить мой вопрос и просто переключал меня между отделами.,Поддержка
134,2025-04-12,Задержка доставки,"Заказ должен был приехать вчера, но курьер так и не приехал.",Доставка
177,2025-04-12,Задержка доставки,Жду заказ уже несколько дней дольше обещанного срока.,Доставка
306,2025-04-13,Повреждение,"Заказ приехал с поврежденной упаковкой. Если вопрос не решится, больше у вас покупать не буду.",Доставка
480,2025-04-13,Скидка,"Обещанная скидка не применилась при оформлении заказа. Если вопрос не решится, больше у вас покупать не буду.",Цена
909,2025-04-13,Возврат денег,Деньги после отмены заказа до сих пор не вернулись. Это уже не первый раз.,Оплата
927,2025-04-14,Повреждение,Заказ приехал с поврежденной упаковкой.,Доставка
882,2025-04-15,Чек,Не получил электронный чек после покупки. Прошу помочь разобраться.,Документы
917,2025-04-16,Брак,"Получил товар с явным браком. Подскажите, пожалуйста, как решить эту проблему.",Качество товара
822,2025-04-16,Пропали бонусы,Из личного кабинета исчезли мои бонусные баллы.,Бонусная программа
676,2025-04-17,Списание бонусов,Не получается использовать накопленные бонусы при оплате.,Бонусная программа
219,2025-04-17,Долгое ожидание,Очень долго ждал ответа оператора. Очень недоволен этой ситуацией.,Поддержка
720,2025-04-17,Качество поддержки,Оператор не смог решить мой вопрос и просто переключал меня между отделами. Прошу срочно решить проблему.,Поддержка
930,2025-04-17,Поврежденный товар,Товар приехал поврежденным и пользоваться им невозможно.,Качество товара
128,2025-04-18,Отказ в возврате,"Мне отказали в возврате товара без понятного объяснения. Надеюсь, вопрос получится быстро решить.",Возвраты
387,2025-04-19,История заказов,В личном кабинете пропала история моих заказов.,Личный кабинет
837,2025-04-19,Поврежденный товар,Товар приехал поврежденным и пользоваться им невозможно. Прошу срочно решить проблему.,Качество товара
67,2025-04-20,Не начислены бонусы,За покупку не начислили обещанные бонусы.,Бонусная программа
591,2025-04-20,Возврат денег,"Деньги после отмены заказа до сих пор не вернулись. Если вопрос не решится, больше у вас покупать не буду.",Оплата
507,2025-04-20,Счет,Не могу получить счет на заказ. Это уже не первый раз.,Документы
202,2025-04-21,История заказов,В личном кабинете пропала история моих заказов. Это уже не первый раз.,Личный кабинет
336,2025-04-21,Не начислены бонусы,За покупку не начислили обещанные бонусы.,Бонусная программа
355,2025-04-21,Брак,"Получил товар с явным браком. Подскажите, пожалуйста, как решить эту проблему.",Качество товара
862,2025-04-22,Задержка доставки,"Заказ должен был приехать вчера, но курьер так и не приехал.",Доставка
815,2025-04-22,Чек,Не получил электронный чек после покупки. Это уже не первый раз.,Документы
656,2025-04-22,Авторизация,Не могу войти в личный кабинет.,Личный кабинет
29,2025-04-23,Чек,Не получил электронный чек после покупки. Прошу помочь разобраться.,Документы
158,2025-04-23,Ошибка оплаты,"Платеж отклоняется, хотя с картой все в порядке.",Оплата
810,2025-04-23,Возврат денег,Деньги после отмены заказа до сих пор не вернулись.,Оплата
962,2025-04-23,Долгое ожидание,Очень долго ждал ответа оператора.,Поддержка
660,2025-04-24,Возврат денег,"Товар вернул неделю назад, а деньги еще не поступили.",Возвраты
452,2025-04-24,Списание бонусов,"Не получается использовать накопленные бонусы при оплате. Если вопрос не решится, больше у вас покупать не буду.",Бонусная программа
939,2025-04-24,Адрес доставки,"Курьер сообщил, что не может найти мой адрес.",Доставка
773,2025-04-24,Несоответствие,Товар совсем не соответствует описанию на сайте. Прошу помочь разобраться.,Качество товара
514,2025-04-25,Задержка доставки,Жду заказ уже несколько дней дольше обещанного срока. Поддержка тоже не помогла.,Доставка
2,2025-04-25,Задержка доставки,"Заказ должен был приехать вчера, но курьер так и не приехал. Очень недоволен этой ситуацией.",Доставка
455,2025-04-25,Задержка доставки,"Заказ должен был приехать вчера, но курьер так и не приехал. Прошу срочно решить проблему.",Доставка
168,2025-04-25,Ошибка приложения,После обновления приложение перестало запускаться. Поддержка тоже не помогла.,Мобильное приложение
311,2025-04-26,Пропали бонусы,Из личного кабинета исчезли мои бонусные баллы. Очень недоволен этой ситуацией.,Бонусная программа
667,2025-04-26,Двойное списание,С карты дважды списали деньги за один заказ. Поддержка тоже не помогла.,Оплата
572,2025-04-27,Ошибка приложения,Приложение зависает при оформлении заказа.,Мобильное приложение
15,2025-04-27,Авторизация,Не могу войти в личный кабинет. Прошу срочно решить проблему.,Личный кабинет
729,2025-04-27,Возврат денег,"Товар вернул неделю назад, а деньги еще не поступили. Подскажите, пожалуйста, как решить эту проблему.",Возвраты
205,2025-04-27,Возврат денег,"Товар вернул неделю назад, а деньги еще не поступили.",Возвраты
52,2025-04-28,Нет ответа,"Пишу в поддержку уже второй день, никто не отвечает.",Поддержка
299,2025-04-28,Долгое ожидание,Очень долго ждал ответа оператора.,Поддержка
235,2025-04-28,Документы,"В документах к заказу указаны неверные данные. Надеюсь, вопрос получится быстро решить.",Документы
288,2025-04-29,Поврежденный товар,"Товар приехал поврежденным и пользоваться им невозможно. Хотелось бы понять, что делать дальше.",Качество товара
223,2025-04-29,Возврат денег,Деньги после отмены заказа до сих пор не вернулись. Это уже не первый раз.,Оплата
849,2025-04-30,Возврат товара,"Хочу вернуть товар, но не понимаю, как оформить возврат. Это уже не первый раз.",Возвраты
317,2025-04-30,Несоответствие,"Товар совсем не соответствует описанию на сайте. Если вопрос не решится, больше у вас покупать не буду.",Качество товара
16,2025-04-30,Списание бонусов,Не получается использовать накопленные бонусы при оплате.,Бонусная программа
595,2025-04-30,Адрес доставки,"Курьер сообщил, что не может найти мой адрес.",Доставка
76,2025-05-01,Отказ в возврате,Мне отказали в возврате товара без понятного объяснения.,Возвраты
329,2025-05-01,Не начислены бонусы,За покупку не начислили обещанные бонусы. Очень недоволен этой ситуацией.,Бонусная программа
133,2025-05-01,Авторизация,"Не могу войти в приложение, постоянно выбрасывает на экран входа. Поддержка тоже не помогла.",Мобильное приложение
441,2025-05-02,Документы,В документах к заказу указаны неверные данные.,Документы
55,2025-05-02,Ошибка оплаты,"Платеж отклоняется, хотя с картой все в порядке.",Оплата
819,2025-05-02,Возврат денег,Деньги после отмены заказа до сих пор не вернулись. Прошу срочно решить проблему.,Оплата
105,2025-05-02,Не начислены бонусы,"За покупку не начислили обещанные бонусы. Если вопрос не решится, больше у вас покупать не буду.",Бонусная программа
66,2025-05-02,Адрес доставки,"Курьер сообщил, что не может найти мой адрес. Хотелось бы понять, что делать дальше.",Доставка
463,2025-05-03,Отказ в возврате,"Мне отказали в возврате товара без понятного объяснения. Хотелось бы понять, что делать дальше.",Возвраты
870,2025-05-03,Брак,Получил товар с явным браком.,Качество товара
680,2025-05-03,Долгое ожидание,"Очень долго ждал ответа оператора. Подскажите, пожалуйста, как решить эту проблему.",Поддержка
542,2025-05-04,Поврежденный товар,"Товар приехал поврежденным и пользоваться им невозможно. Хотелось бы понять, что делать дальше.",Качество товара
466,2025-05-04,Корзина,"Добавляю товар в корзину, но он сразу исчезает. Подскажите, пожалуйста, как решить эту проблему.",Мобильное приложение
670,2025-05-05,Возврат денег,Деньги после отмены заказа до сих пор не вернулись. Очень недоволен этой ситуацией.,Оплата
679,2025-05-05,Авторизация,"Не могу войти в приложение, постоянно выбрасывает на экран входа. Подскажите, пожалуйста, как решить эту проблему.",Мобильное приложение
708,2025-05-05,Чек,Не получил электронный чек после покупки.,Документы
885,2025-05-06,Адрес доставки,"Курьер сообщил, что не может найти мой адрес.",Доставка
627,2025-05-07,Ошибка приложения,После обновления приложение перестало запускаться. Прошу помочь разобраться.,Мобильное приложение
543,2025-05-07,Задержка доставки,"Заказ должен был приехать вчера, но курьер так и не приехал.",Доставка
769,2025-05-08,Корзина,"Добавляю товар в корзину, но он сразу исчезает.",Мобильное приложение
988,2025-05-08,Корзина,"Добавляю товар в корзину, но он сразу исчезает.",Мобильное приложение
214,2025-05-08,Адрес доставки,"Курьер сообщил, что не может найти мой адрес. Надеюсь, вопрос получится быстро решить.",Доставка
108,2025-05-08,Ошибка оплаты,"Не могу оплатить заказ банковской картой, постоянно появляется ошибка. Подскажите, пожалуйста, как решить эту проблему.",Оплата
141,2025-05-08,Изменилась цена,"В корзине цена товара оказалась выше, чем на странице товара. Хотелось бы понять, что делать дальше.",Цена
34,2025-05-09,Чек,Не получил электронный чек после покупки. Очень недоволен этой ситуацией.,Документы
747,2025-05-09,Промокод,"Промокод указан как действующий, но система его не принимает. Очень недоволен этой ситуацией.",Цена
482,2025-05-10,Задержка доставки,Жду заказ уже несколько дней дольше обещанного срока.,Доставка
472,2025-05-10,История заказов,В личном кабинете пропала история моих заказов. Поддержка тоже не помогла.,Личный кабинет
426,2025-05-10,Авторизация,"Не могу войти в приложение, постоянно выбрасывает на экран входа.",Мобильное приложение
358,2025-05-11,Возврат товара,"Хочу вернуть товар, но не понимаю, как оформить возврат. Очень недоволен этой ситуацией.",Возвраты
289,2025-05-11,Ошибка приложения,"Приложение зависает при оформлении заказа. Если вопрос не решится, больше у вас покупать не буду.",Мобильное приложение
637,2025-05-11,Пропали бонусы,Из личного кабинета исчезли мои бонусные баллы.,Бонусная программа
460,2025-05-12,Двойное списание,С карты дважды списали деньги за один заказ. Прошу помочь разобраться.,Оплата
146,2025-05-13,Профиль,Не получается изменить номер телефона в профиле.,Личный кабинет
935,2025-05-14,Не начислены бонусы,За покупку не начислили обещанные бонусы.,Бонусная программа
619,2025-05-14,Авторизация,"Не могу войти в приложение, постоянно выбрасывает на экран входа.",Мобильное приложение
682,2025-05-14,Возврат денег,"Товар вернул неделю назад, а деньги еще не поступили. Хотелось бы понять, что делать дальше.",Возвраты
115,2025-05-14,Курьер,Курьер не приехал в назначенное время и не позвонил.,Доставка
506,2025-05-15,Профиль,"Не получается изменить номер телефона в профиле. Хотелось бы понять, что делать дальше.",Личный кабинет
38,2025-05-15,Чек,Не получил электронный чек после покупки. Прошу помочь разобраться.,Документы
96,2025-05-15,Адрес доставки,"Курьер сообщил, что не может найти мой адрес. Прошу помочь разобраться.",Доставка
793,2025-05-15,Ошибка приложения,Приложение зависает при оформлении заказа. Прошу помочь разобраться.,Мобильное приложение
225,2025-05-16,Профиль,"Не получается изменить номер телефона в профиле. Надеюсь, вопрос получится быстро решить.",Личный кабинет
571,2025-05-16,Документы,"В документах к заказу указаны неверные данные. Надеюсь, вопрос получится быстро решить.",Документы
84,2025-05-16,Курьер,"Курьер не приехал в назначенное время и не позвонил. Если вопрос не решится, больше у вас покупать не буду.",Доставка
228,2025-05-17,Не начислены бонусы,За покупку не начислили обещанные бонусы.,Бонусная программа
673,2025-05-18,Отказ в возврате,"Мне отказали в возврате товара без понятного объяснения. Надеюсь, вопрос получится быстро решить.",Возвраты
237,2025-05-18,Нет ответа,"Пишу в поддержку уже второй день, никто не отвечает. Хотелось бы понять, что делать дальше.",Поддержка
200,2025-05-19,Двойное списание,С карты дважды списали деньги за один заказ.,Оплата
736,2025-05-19,Задержка доставки,"Заказ должен был приехать вчера, но курьер так и не приехал.",Доставка
149,2025-05-20,Отказ в возврате,Мне отказали в возврате товара без понятного объяснения.,Возвраты
232,2025-05-20,Поврежденный товар,"Товар приехал поврежденным и пользоваться им невозможно. Хотелось бы понять, что делать дальше.",Качество товара
410,2025-05-21,Долгое ожидание,Очень долго ждал ответа оператора. Прошу помочь разобраться.,Поддержка
297,2025-05-21,Задержка доставки,"Заказ должен был приехать вчера, но курьер так и не приехал. Если вопрос не решится, больше у вас покупать не буду.",Доставка
702,2025-05-21,Долгое ожидание,Очень долго ждал ответа оператора.,Поддержка
338,2025-05-22,Не начислены бонусы,За покупку не начислили обещанные бонусы.,Бонусная программа
865,2025-05-22,Нет ответа,"Пишу в поддержку уже второй день, никто не отвечает. Прошу помочь разобраться.",Поддержка
192,2025-05-22,Качество поддержки,Оператор не смог решить мой вопрос и просто переключал меня между отделами.,Поддержка
112,2025-05-23,Списание бонусов,Не получается использовать накопленные бонусы при оплате.,Бонусная программа
790,2025-05-23,Авторизация,"Не могу войти в личный кабинет. Надеюсь, вопрос получится быстро решить.",Личный кабинет
881,2025-05-23,Задержка доставки,"Заказ должен был приехать вчера, но курьер так и не приехал. Прошу помочь разобраться.",Доставка
919,2025-05-24,Задержка доставки,"Жду заказ уже несколько дней дольше обещанного срока. Если вопрос не решится, больше у вас покупать не буду.",Доставка
948,2025-05-24,Брак,Получил товар с явным браком.,Качество товара
757,2025-05-24,Списание бонусов,Не получается использовать накопленные бонусы при оплате.,Бонусная программа
718,2025-05-24,Промокод,"Промокод указан как действующий, но система его не принимает. Очень недоволен этой ситуацией.",Цена
191,2025-05-24,Промокод,"Промокод указан как действующий, но система его не принимает. Если вопрос не решится, больше у вас покупать не буду.",Цена
445,2025-05-25,Профиль,Не получается изменить номер телефона в профиле. Прошу помочь разобраться.,Личный кабинет
423,2025-05-25,Возврат денег,"Товар вернул неделю назад, а деньги еще не поступили. Очень недоволен этой ситуацией.",Возвраты
204,2025-05-25,Чек,Не получил электронный чек после покупки.,Документы
384,2025-05-26,Ошибка приложения,Приложение зависает при оформлении заказа. Прошу помочь разобраться.,Мобильное приложение
838,2025-05-26,Отказ в возврате,Мне отказали в возврате товара без понятного объяснения.,Возвраты
641,2025-05-27,Возврат товара,"Хочу вернуть товар, но не понимаю, как оформить возврат. Поддержка тоже не помогла.",Возвраты
878,2025-05-27,Качество поддержки,Оператор не смог решить мой вопрос и просто переключал меня между отделами. Поддержка тоже не помогла.,Поддержка
600,2025-05-27,Нет ответа,"Пишу в поддержку уже второй день, никто не отвечает. Очень недоволен этой ситуацией.",Поддержка
290,2025-05-28,Авторизация,"Не могу войти в приложение, постоянно выбрасывает на экран входа.",Мобильное приложение
585,2025-05-28,Ошибка приложения,Приложение зависает при оформлении заказа.,Мобильное приложение
587,2025-05-28,Повреждение,"Заказ приехал с поврежденной упаковкой. Подскажите, пожалуйста, как решить эту проблему.",Доставка
462,2025-05-28,Ошибка оплаты,"Не могу оплатить заказ банковской картой, постоянно появляется ошибка.",Оплата
395,2025-05-29,Задержка доставки,"Заказ должен был приехать вчера, но курьер так и не приехал.",Доставка
761,2025-05-30,Не начислены бонусы,За покупку не начислили обещанные бонусы. Прошу срочно решить проблему.,Бонусная программа
755,2025-05-30,Профиль,"Не получается изменить номер телефона в профиле. Хотелось бы понять, что делать дальше.",Личный кабинет
256,2025-05-30,Поврежденный товар,"Товар приехал поврежденным и пользоваться им невозможно. Подскажите, пожалуйста, как решить эту проблему.",Качество товара
924,2025-05-30,Возврат денег,"Деньги после отмены заказа до сих пор не вернулись. Если вопрос не решится, больше у вас покупать не буду.",Оплата
950,2025-06-01,Отказ в возврате,"Мне отказали в возврате товара без понятного объяснения. Хотелось бы понять, что делать дальше.",Возвраты
309,2025-06-01,Корзина,"Добавляю товар в корзину, но он сразу исчезает. Поддержка тоже не помогла.",Мобильное приложение
623,2025-06-01,Двойное списание,С карты дважды списали деньги за один заказ.,Оплата
305,2025-06-01,Ошибка оплаты,"Платеж отклоняется, хотя с картой все в порядке.",Оплата
262,2025-06-02,Пропали бонусы,Из личного кабинета исчезли мои бонусные баллы. Очень недоволен этой ситуацией.,Бонусная программа
797,2025-06-02,Промокод,"Промокод указан как действующий, но система его не принимает.",Цена
156,2025-06-02,Ошибка приложения,Приложение зависает при оформлении заказа. Прошу помочь разобраться.,Мобильное приложение
566,2025-06-03,Несоответствие,Товар совсем не соответствует описанию на сайте. Прошу срочно решить проблему.,Качество товара
123,2025-06-03,Отказ в возврате,"Мне отказали в возврате товара без понятного объяснения. Подскажите, пожалуйста, как решить эту проблему.",Возвраты
512,2025-06-03,Пропали бонусы,Из личного кабинета исчезли мои бонусные баллы. Это уже не первый раз.,Бонусная программа
659,2025-06-04,Пропали бонусы,Из личного кабинета исчезли мои бонусные баллы. Прошу помочь разобраться.,Бонусная программа
87,2025-06-04,Качество поддержки,Оператор не смог решить мой вопрос и просто переключал меня между отделами. Прошу помочь разобраться.,Поддержка
618,2025-06-04,Несоответствие,Товар совсем не соответствует описанию на сайте.,Качество товара
763,2025-06-05,Задержка доставки,Жду заказ уже несколько дней дольше обещанного срока. Это уже не первый раз.,Доставка
799,2025-06-06,Курьер,Курьер не приехал в назначенное время и не позвонил. Это уже не первый раз.,Доставка
101,2025-06-07,Ошибка оплаты,"Не могу оплатить заказ банковской картой, постоянно появляется ошибка. Если вопрос не решится, больше у вас покупать не буду.",Оплата
980,2025-06-07,Корзина,"Добавляю товар в корзину, но он сразу исчезает.",Мобильное приложение
481,2025-06-08,Отказ в возврате,"Мне отказали в возврате товара без понятного объяснения. Хотелось бы понять, что делать дальше.",Возвраты
967,2025-06-08,Задержка доставки,"Заказ должен был приехать вчера, но курьер так и не приехал.",Доставка
303,2025-06-08,Авторизация,"Не могу войти в личный кабинет. Надеюсь, вопрос получится быстро решить.",Личный кабинет
518,2025-06-08,Ошибка оплаты,"Платеж отклоняется, хотя с картой все в порядке. Прошу помочь разобраться.",Оплата
778,2025-06-09,Двойное списание,С карты дважды списали деньги за один заказ. Прошу помочь разобраться.,Оплата
253,2025-06-09,Несоответствие,"Товар совсем не соответствует описанию на сайте. Подскажите, пожалуйста, как решить эту проблему.",Качество товара
622,2025-06-09,Качество поддержки,"Оператор не смог решить мой вопрос и просто переключал меня между отделами. Если вопрос не решится, больше у вас покупать не буду.",Поддержка
49,2025-06-09,Возврат денег,"Деньги после отмены заказа до сих пор не вернулись. Хотелось бы понять, что делать дальше.",Оплата
929,2025-06-10,Возврат денег,Деньги после отмены заказа до сих пор не вернулись. Поддержка тоже не помогла.,Оплата
546,2025-06-10,Задержка доставки,"Жду заказ уже несколько дней дольше обещанного срока. Хотелось бы понять, что делать дальше.",Доставка
856,2025-06-10,Возврат денег,Деньги после отмены заказа до сих пор не вернулись.,Оплата
117,2025-06-10,Отказ в возврате,Мне отказали в возврате товара без понятного объяснения.,Возвраты
80,2025-06-10,Адрес доставки,"Курьер сообщил, что не может найти мой адрес.",Доставка
122,2025-06-10,Нет ответа,"Пишу в поддержку уже второй день, никто не отвечает. Это уже не первый раз.",Поддержка
72,2025-06-10,Повреждение,"Заказ приехал с поврежденной упаковкой. Хотелось бы понять, что делать дальше.",Доставка
804,2025-06-11,Пропали бонусы,Из личного кабинета исчезли мои бонусные баллы.,Бонусная программа
79,2025-06-11,Изменилась цена,"В корзине цена товара оказалась выше, чем на странице товара. Очень недоволен этой ситуацией.",Цена
926,2025-06-12,Возврат товара,"Хочу вернуть товар, но не понимаю, как оформить возврат.",Возвраты
520,2025-06-12,Долгое ожидание,"Очень долго ждал ответа оператора. Хотелось бы понять, что делать дальше.",Поддержка
277,2025-06-12,Долгое ожидание,Очень долго ждал ответа оператора. Прошу срочно решить проблему.,Поддержка
268,2025-06-12,Ошибка приложения,"Приложение зависает при оформлении заказа. Подскажите, пожалуйста, как решить эту проблему.",Мобильное приложение
684,2025-06-13,Скидка,Обещанная скидка не применилась при оформлении заказа.,Цена
753,2025-06-14,Качество поддержки,Оператор не смог решить мой вопрос и просто переключал меня между отделами.,Поддержка
824,2025-06-15,Счет,Не могу получить счет на заказ.,Документы
234,2025-06-15,Нет ответа,"Пишу в поддержку уже второй день, никто не отвечает.",Поддержка
42,2025-06-15,Возврат товара,"Хочу вернуть товар, но не понимаю, как оформить возврат. Если вопрос не решится, больше у вас покупать не буду.",Возвраты
616,2025-06-15,Изменилась цена,"В корзине цена товара оказалась выше, чем на странице товара.",Цена
342,2025-06-15,Курьер,Курьер не приехал в назначенное время и не позвонил.,Доставка
283,2025-06-16,История заказов,В личном кабинете пропала история моих заказов.,Личный кабинет
378,2025-06-16,Профиль,"Не получается изменить номер телефона в профиле. Надеюсь, вопрос получится быстро решить.",Личный кабинет
22,2025-06-16,Не начислены бонусы,За покупку не начислили обещанные бонусы.,Бонусная программа
740,2025-06-16,Не начислены бонусы,За покупку не начислили обещанные бонусы.,Бонусная программа
579,2025-06-16,Счет,Не могу получить счет на заказ. Прошу помочь разобраться.,Документы
388,2025-06-17,Адрес доставки,"Курьер сообщил, что не может найти мой адрес. Это уже не первый раз.",Доставка
883,2025-06-17,Ошибка оплаты,"Не могу оплатить заказ банковской картой, постоянно появляется ошибка.",Оплата
124,2025-06-17,Возврат денег,Деньги после отмены заказа до сих пор не вернулись. Прошу помочь разобраться.,Оплата
631,2025-06-17,Списание бонусов,Не получается использовать накопленные бонусы при оплате.,Бонусная программа
933,2025-06-17,Задержка доставки,Жду заказ уже несколько дней дольше обещанного срока.,Доставка
751,2025-06-18,Возврат денег,"Товар вернул неделю назад, а деньги еще не поступили. Прошу срочно решить проблему.",Возвраты
425,2025-06-18,Адрес доставки,"Курьер сообщил, что не может найти мой адрес.",Доставка
276,2025-06-18,Пропали бонусы,"Из личного кабинета исчезли мои бонусные баллы. Подскажите, пожалуйста, как решить эту проблему.",Бонусная программа
714,2025-06-19,Брак,"Получил товар с явным браком. Если вопрос не решится, больше у вас покупать не буду.",Качество товара
334,2025-06-20,Задержка доставки,Жду заказ уже несколько дней дольше обещанного срока. Поддержка тоже не помогла.,Доставка
475,2025-06-20,Курьер,Курьер не приехал в назначенное время и не позвонил. Прошу помочь разобраться.,Доставка
750,2025-06-20,Списание бонусов,Не получается использовать накопленные бонусы при оплате. Поддержка тоже не помогла.,Бонусная программа
987,2025-06-21,Возврат денег,"Товар вернул неделю назад, а деньги еще не поступили.",Возвраты
612,2025-06-22,Профиль,Не получается изменить номер телефона в профиле. Очень недоволен этой ситуацией.,Личный кабинет
189,2025-06-22,Курьер,Курьер не приехал в назначенное время и не позвонил.,Доставка
476,2025-06-23,Авторизация,Не могу войти в личный кабинет. Прошу срочно решить проблему.,Личный кабинет
400,2025-06-23,Задержка доставки,Жду заказ уже несколько дней дольше обещанного срока.,Доставка
373,2025-06-23,Двойное списание,С карты дважды списали деньги за один заказ. Прошу срочно решить проблему.,Оплата
356,2025-06-23,История заказов,"В личном кабинете пропала история моих заказов. Подскажите, пожалуйста, как решить эту проблему.",Личный кабинет
377,2025-06-24,Курьер,Курьер не приехал в назначенное время и не позвонил. Это уже не первый раз.,Доставка
419,2025-06-25,Чек,Не получил электронный чек после покупки. Прошу помочь разобраться.,Документы
92,2025-06-25,Курьер,Курьер не приехал в назначенное время и не позвонил. Прошу помочь разобраться.,Доставка
782,2025-06-25,Качество поддержки,Оператор не смог решить мой вопрос и просто переключал меня между отделами. Поддержка тоже не помогла.,Поддержка
996,2025-06-25,Адрес доставки,"Курьер сообщил, что не может найти мой адрес.",Доставка
540,2025-06-26,Чек,Не получил электронный чек после покупки. Поддержка тоже не помогла.,Документы
11,2025-06-26,Нет ответа,"Пишу в поддержку уже второй день, никто не отвечает. Это уже не первый раз.",Поддержка
985,2025-06-27,Чек,Не получил электронный чек после покупки. Очень недоволен этой ситуацией.,Документы
725,2025-06-27,Адрес доставки,"Курьер сообщил, что не может найти мой адрес.",Доставка
511,2025-06-27,Корзина,"Добавляю товар в корзину, но он сразу исчезает. Если вопрос не решится, больше у вас покупать не буду.",Мобильное приложение
650,2025-06-27,Задержка доставки,"Жду заказ уже несколько дней дольше обещанного срока. Если вопрос не решится, больше у вас покупать не буду.",Доставка
645,2025-06-28,Повреждение,"Заказ приехал с поврежденной упаковкой. Подскажите, пожалуйста, как решить эту проблему.",Доставка
402,2025-06-28,Двойное списание,С карты дважды списали деньги за один заказ.,Оплата
860,2025-06-29,Авторизация,"Не могу войти в приложение, постоянно выбрасывает на экран входа. Если вопрос не решится, больше у вас покупать не буду.",Мобильное приложение
428,2025-06-29,Адрес доставки,"Курьер сообщил, что не может найти мой адрес.",Доставка
494,2025-06-30,Долгое ожидание,Очень долго ждал ответа оператора.,Поддержка
365,2025-06-30,Повреждение,Заказ приехал с поврежденной упаковкой.,Доставка
550,2025-06-30,Курьер,"Курьер не приехал в назначенное время и не позвонил. Хотелось бы понять, что делать дальше.",Доставка
693,2025-06-30,Повреждение,"Заказ приехал с поврежденной упаковкой. Хотелось бы понять, что делать дальше.",Доставка
947,2025-07-01,Задержка доставки,Жду заказ уже несколько дней дольше обещанного срока.,Доставка
706,2025-07-01,Адрес доставки,"Курьер сообщил, что не может найти мой адрес.",Доставка
363,2025-07-01,Списание бонусов,Не получается использовать накопленные бонусы при оплате. Прошу срочно решить проблему.,Бонусная программа
483,2025-07-02,Не начислены бонусы,За покупку не начислили обещанные бонусы. Прошу срочно решить проблему.,Бонусная программа
295,2025-07-03,Несоответствие,Товар совсем не соответствует описанию на сайте.,Качество товара
805,2025-07-03,Скидка,Обещанная скидка не применилась при оформлении заказа.,Цена
102,2025-07-03,Задержка доставки,Жду заказ уже несколько дней дольше обещанного срока. Очень недоволен этой ситуацией.,Доставка
341,2025-07-03,Авторизация,"Не могу войти в личный кабинет. Надеюсь, вопрос получится быстро решить.",Личный кабинет
469,2025-07-04,Повреждение,Заказ приехал с поврежденной упаковкой. Прошу помочь разобраться.,Доставка
516,2025-07-04,Поврежденный товар,"Товар приехал поврежденным и пользоваться им невозможно. Хотелось бы понять, что делать дальше.",Качество товара
43,2025-07-05,Списание бонусов,Не получается использовать накопленные бонусы при оплате.,Бонусная программа
433,2025-07-05,Задержка доставки,Жду заказ уже несколько дней дольше обещанного срока.,Доставка
556,2025-07-05,Брак,"Получил товар с явным браком. Подскажите, пожалуйста, как решить эту проблему.",Качество товара
304,2025-07-06,Ошибка приложения,"После обновления приложение перестало запускаться. Если вопрос не решится, больше у вас покупать не буду.",Мобильное приложение
560,2025-07-07,Авторизация,"Не могу войти в приложение, постоянно выбрасывает на экран входа. Надеюсь, вопрос получится быстро решить.",Мобильное приложение
874,2025-07-07,Брак,Получил товар с явным браком. Поддержка тоже не помогла.,Качество товара
307,2025-07-07,Поврежденный товар,Товар приехал поврежденным и пользоваться им невозможно. Прошу срочно решить проблему.,Качество товара
503,2025-07-07,Возврат денег,Деньги после отмены заказа до сих пор не вернулись.,Оплата
554,2025-07-07,Корзина,"Добавляю товар в корзину, но он сразу исчезает.",Мобильное приложение
792,2025-07-07,Ошибка оплаты,"Платеж отклоняется, хотя с картой все в порядке.",Оплата
330,2025-07-08,Несоответствие,Товар совсем не соответствует описанию на сайте.,Качество товара
485,2025-07-08,Возврат денег,"Товар вернул неделю назад, а деньги еще не поступили. Это уже не первый раз.",Возвраты
541,2025-07-09,Возврат товара,"Хочу вернуть товар, но не понимаю, как оформить возврат.",Возвраты
18,2025-07-09,Возврат денег,Деньги после отмены заказа до сих пор не вернулись. Это уже не первый раз.,Оплата
891,2025-07-10,Курьер,Курьер не приехал в назначенное время и не позвонил. Это уже не первый раз.,Доставка
284,2025-07-11,Двойное списание,С карты дважды списали деньги за один заказ. Прошу помочь разобраться.,Оплата
707,2025-07-11,Счет,"Не могу получить счет на заказ. Надеюсь, вопрос получится быстро решить.",Документы
775,2025-07-11,Двойное списание,С карты дважды списали деньги за один заказ.,Оплата
643,2025-07-11,Счет,"Не могу получить счет на заказ. Хотелось бы понять, что делать дальше.",Документы
41,2025-07-11,Ошибка приложения,"После обновления приложение перестало запускаться. Надеюсь, вопрос получится быстро решить.",Мобильное приложение
454,2025-07-11,Задержка доставки,"Заказ должен был приехать вчера, но курьер так и не приехал.",Доставка
974,2025-07-11,Ошибка приложения,"Приложение зависает при оформлении заказа. Надеюсь, вопрос получится быстро решить.",Мобильное приложение
580,2025-07-12,Задержка доставки,"Жду заказ уже несколько дней дольше обещанного срока. Хотелось бы понять, что делать дальше.",Доставка
438,2025-07-12,Задержка доставки,Жду заказ уже несколько дней дольше обещанного срока. Прошу срочно решить проблему.,Доставка
644,2025-07-13,Двойное списание,С карты дважды списали деньги за один заказ. Очень недоволен этой ситуацией.,Оплата
711,2025-07-14,Ошибка оплаты,"Платеж отклоняется, хотя с картой все в порядке.",Оплата
649,2025-07-14,Авторизация,"Не могу войти в личный кабинет. Хотелось бы понять, что делать дальше.",Личный кабинет
68,2025-07-14,Адрес доставки,"Курьер сообщил, что не может найти мой адрес.",Доставка
33,2025-07-15,Поврежденный товар,Товар приехал поврежденным и пользоваться им невозможно. Прошу помочь разобраться.,Качество товара
857,2025-07-15,Авторизация,Не могу войти в личный кабинет. Очень недоволен этой ситуацией.,Личный кабинет
544,2025-07-16,Списание бонусов,Не получается использовать накопленные бонусы при оплате.,Бонусная программа
617,2025-07-16,Курьер,Курьер не приехал в назначенное время и не позвонил.,Доставка
500,2025-07-16,Изменилась цена,"В корзине цена товара оказалась выше, чем на странице товара. Надеюсь, вопрос получится быстро решить.",Цена
267,2025-07-16,Адрес доставки,"Курьер сообщил, что не может найти мой адрес.",Доставка
118,2025-07-17,Изменилась цена,"В корзине цена товара оказалась выше, чем на странице товара.",Цена
873,2025-07-18,Пропали бонусы,"Из личного кабинета исчезли мои бонусные баллы. Подскажите, пожалуйста, как решить эту проблему.",Бонусная программа
734,2025-07-19,Задержка доставки,"Заказ должен был приехать вчера, но курьер так и не приехал.",Доставка
159,2025-07-19,Ошибка оплаты,"Платеж отклоняется, хотя с картой все в порядке. Это уже не первый раз.",Оплата
869,2025-07-20,Задержка доставки,"Заказ должен был приехать вчера, но курьер так и не приехал. Поддержка тоже не помогла.",Доставка
795,2025-07-20,Поврежденный товар,Товар приехал поврежденным и пользоваться им невозможно.,Качество товара
925,2025-07-21,Качество поддержки,Оператор не смог решить мой вопрос и просто переключал меня между отделами.,Поддержка
588,2025-07-22,Авторизация,Не могу войти в личный кабинет.,Личный кабинет
848,2025-07-22,Качество поддержки,Оператор не смог решить мой вопрос и просто переключал меня между отделами. Это уже не первый раз.,Поддержка
934,2025-07-22,Отказ в возврате,Мне отказали в возврате товара без понятного объяснения.,Возвраты
312,2025-07-23,Документы,В документах к заказу указаны неверные данные.,Документы
727,2025-07-23,Счет,Не могу получить счет на заказ.,Документы
721,2025-07-23,Скидка,Обещанная скидка не применилась при оформлении заказа.,Цена
243,2025-07-25,Профиль,Не получается изменить номер телефона в профиле.,Личный кабинет
555,2025-07-25,Повреждение,Заказ приехал с поврежденной упаковкой.,Доставка
61,2025-07-26,Ошибка приложения,После обновления приложение перестало запускаться.,Мобильное приложение
786,2025-07-27,Нет ответа,"Пишу в поддержку уже второй день, никто не отвечает. Очень недоволен этой ситуацией.",Поддержка
936,2025-07-27,Пропали бонусы,Из личного кабинета исчезли мои бонусные баллы. Это уже не первый раз.,Бонусная программа
621,2025-07-27,Качество поддержки,Оператор не смог решить мой вопрос и просто переключал меня между отделами. Поддержка тоже не помогла.,Поддержка
327,2025-07-28,Скидка,Обещанная скидка не применилась при оформлении заказа.,Цена
152,2025-07-28,Ошибка оплаты,"Платеж отклоняется, хотя с картой все в порядке. Подскажите, пожалуйста, как решить эту проблему.",Оплата
738,2025-07-28,Задержка доставки,"Заказ должен был приехать вчера, но курьер так и не приехал.",Доставка
104,2025-07-28,Документы,В документах к заказу указаны неверные данные.,Документы
58,2025-07-28,Задержка доставки,"Заказ должен был приехать вчера, но курьер так и не приехал. Очень недоволен этой ситуацией.",Доставка
762,2025-07-29,Нет ответа,"Пишу в поддержку уже второй день, никто не отвечает. Очень недоволен этой ситуацией.",Поддержка
242,2025-07-30,Долгое ожидание,Очень долго ждал ответа оператора. Очень недоволен этой ситуацией.,Поддержка
285,2025-07-30,Брак,Получил товар с явным браком.,Качество товара
826,2025-07-30,Скидка,Обещанная скидка не применилась при оформлении заказа. Прошу срочно решить проблему.,Цена
861,2025-07-30,Долгое ожидание,Очень долго ждал ответа оператора. Прошу срочно решить проблему.,Поддержка
701,2025-07-30,Повреждение,Заказ приехал с поврежденной упаковкой. Это уже не первый раз.,Доставка
519,2025-07-30,Ошибка приложения,После обновления приложение перестало запускаться.,Мобильное приложение
107,2025-07-30,Профиль,Не получается изменить номер телефона в профиле. Поддержка тоже не помогла.,Личный кабинет
685,2025-07-31,Задержка доставки,Жду заказ уже несколько дней дольше обещанного срока. Это уже не первый раз.,Доставка
106,2025-07-31,Курьер,Курьер не приехал в назначенное время и не позвонил. Поддержка тоже не помогла.,Доставка
991,2025-07-31,Возврат денег,"Товар вернул неделю назад, а деньги еще не поступили.",Возвраты
741,2025-07-31,Ошибка оплаты,"Не могу оплатить заказ банковской картой, постоянно появляется ошибка. Это уже не первый раз.",Оплата
879,2025-08-01,Ошибка оплаты,"Платеж отклоняется, хотя с картой все в порядке.",Оплата
326,2025-08-01,Долгое ожидание,"Очень долго ждал ответа оператора. Надеюсь, вопрос получится быстро решить.",Поддержка
136,2025-08-01,Пропали бонусы,Из личного кабинета исчезли мои бонусные баллы.,Бонусная программа
808,2025-08-01,Ошибка приложения,"Приложение зависает при оформлении заказа. Хотелось бы понять, что делать дальше.",Мобильное приложение
665,2025-08-02,Возврат денег,"Деньги после отмены заказа до сих пор не вернулись. Подскажите, пожалуйста, как решить эту проблему.",Оплата
669,2025-08-02,Брак,"Получил товар с явным браком. Подскажите, пожалуйста, как решить эту проблему.",Качество товара
468,2025-08-02,Задержка доставки,"Заказ должен был приехать вчера, но курьер так и не приехал. Прошу помочь разобраться.",Доставка
569,2025-08-02,Несоответствие,Товар совсем не соответствует описанию на сайте. Прошу срочно решить проблему.,Качество товара
903,2025-08-02,Скидка,Обещанная скидка не применилась при оформлении заказа.,Цена
325,2025-08-03,Несоответствие,Товар совсем не соответствует описанию на сайте.,Качество товара
78,2025-08-03,Качество поддержки,Оператор не смог решить мой вопрос и просто переключал меня между отделами. Прошу помочь разобраться.,Поддержка
952,2025-08-03,Повреждение,Заказ приехал с поврежденной упаковкой.,Доставка
576,2025-08-03,Задержка доставки,"Жду заказ уже несколько дней дольше обещанного срока. Подскажите, пожалуйста, как решить эту проблему.",Доставка
446,2025-08-03,Чек,Не получил электронный чек после покупки. Поддержка тоже не помогла.,Документы
746,2025-08-04,Задержка доставки,"Заказ должен был приехать вчера, но курьер так и не приехал.",Доставка
166,2025-08-04,Задержка доставки,"Заказ должен был приехать вчера, но курьер так и не приехал. Хотелось бы понять, что делать дальше.",Доставка
63,2025-08-05,Адрес доставки,"Курьер сообщил, что не может найти мой адрес.",Доставка
764,2025-08-05,Авторизация,"Не могу войти в личный кабинет. Хотелось бы понять, что делать дальше.",Личный кабинет
489,2025-08-06,Повреждение,Заказ приехал с поврежденной упаковкой. Прошу срочно решить проблему.,Доставка
614,2025-08-07,Возврат товара,"Хочу вернуть товар, но не понимаю, как оформить возврат. Подскажите, пожалуйста, как решить эту проблему.",Возвраты
28,2025-08-08,Скидка,Обещанная скидка не применилась при оформлении заказа.,Цена
180,2025-08-08,Нет ответа,"Пишу в поддержку уже второй день, никто не отвечает. Прошу помочь разобраться.",Поддержка
864,2025-08-08,Задержка доставки,Жду заказ уже несколько дней дольше обещанного срока.,Доставка
369,2025-08-08,Пропали бонусы,"Из личного кабинета исчезли мои бонусные баллы. Надеюсь, вопрос получится быстро решить.",Бонусная программа
893,2025-08-08,Задержка доставки,"Заказ должен был приехать вчера, но курьер так и не приехал.",Доставка
163,2025-08-08,Адрес доставки,"Курьер сообщил, что не может найти мой адрес.",Доставка
789,2025-08-08,Двойное списание,С карты дважды списали деньги за один заказ.,Оплата
389,2025-08-09,Адрес доставки,"Курьер сообщил, что не может найти мой адрес. Прошу помочь разобраться.",Доставка
772,2025-08-09,Задержка доставки,"Заказ должен был приехать вчера, но курьер так и не приехал.",Доставка
59,2025-08-09,Ошибка оплаты,"Платеж отклоняется, хотя с картой все в порядке. Хотелось бы понять, что делать дальше.",Оплата
121,2025-08-09,Курьер,"Курьер не приехал в назначенное время и не позвонил. Надеюсь, вопрос получится быстро решить.",Доставка
737,2025-08-09,Отказ в возврате,Мне отказали в возврате товара без понятного объяснения. Прошу помочь разобраться.,Возвраты
360,2025-08-10,Курьер,Курьер не приехал в назначенное время и не позвонил. Поддержка тоже не помогла.,Доставка
421,2025-08-13,Документы,В документах к заказу указаны неверные данные. Прошу помочь разобраться.,Документы
990,2025-08-13,Авторизация,"Не могу войти в приложение, постоянно выбрасывает на экран входа. Если вопрос не решится, больше у вас покупать не буду.",Мобильное приложение
440,2025-08-13,Курьер,Курьер не приехал в назначенное время и не позвонил. Очень недоволен этой ситуацией.,Доставка
148,2025-08-14,Курьер,Курьер не приехал в назначенное время и не позвонил.,Доставка
486,2025-08-14,Скидка,Обещанная скидка не применилась при оформлении заказа.,Цена
210,2025-08-14,Ошибка оплаты,"Не могу оплатить заказ банковской картой, постоянно появляется ошибка.",Оплата
249,2025-08-15,Авторизация,"Не могу войти в приложение, постоянно выбрасывает на экран входа.",Мобильное приложение
291,2025-08-15,Промокод,"Промокод указан как действующий, но система его не принимает.",Цена
381,2025-08-15,Долгое ожидание,"Очень долго ждал ответа оператора. Надеюсь, вопрос получится быстро решить.",Поддержка
382,2025-08-15,Двойное списание,С карты дважды списали деньги за один заказ. Поддержка тоже не помогла.,Оплата
590,2025-08-15,Качество поддержки,"Оператор не смог решить мой вопрос и просто переключал меня между отделами. Хотелось бы понять, что делать дальше.",Поддержка
502,2025-08-16,Авторизация,"Не могу войти в приложение, постоянно выбрасывает на экран входа. Прошу помочь разобраться.",Мобильное приложение
852,2025-08-16,Курьер,Курьер не приехал в назначенное время и не позвонил. Прошу срочно решить проблему.,Доставка
628,2025-08-17,Поврежденный товар,Товар приехал поврежденным и пользоваться им невозможно.,Качество товара
492,2025-08-17,Долгое ожидание,Очень долго ждал ответа оператора.,Поддержка
7,2025-08-18,Брак,Получил товар с явным браком. Поддержка тоже не помогла.,Качество товара
442,2025-08-18,Задержка доставки,Жду заказ уже несколько дней дольше обещанного срока.,Доставка
994,2025-08-20,Задержка доставки,"Заказ должен был приехать вчера, но курьер так и не приехал.",Доставка
831,2025-08-20,Задержка доставки,"Заказ должен был приехать вчера, но курьер так и не приехал. Подскажите, пожалуйста, как решить эту проблему.",Доставка
224,2025-08-21,Задержка доставки,"Жду заказ уже несколько дней дольше обещанного срока. Если вопрос не решится, больше у вас покупать не буду.",Доставка
607,2025-08-21,Документы,В документах к заказу указаны неверные данные. Прошу помочь разобраться.,Документы
69,2025-08-21,Повреждение,Заказ приехал с поврежденной упаковкой. Очень недоволен этой ситуацией.,Доставка
17,2025-08-21,Долгое ожидание,Очень долго ждал ответа оператора.,Поддержка
165,2025-08-21,Ошибка оплаты,"Платеж отклоняется, хотя с картой все в порядке.",Оплата
332,2025-08-21,Задержка доставки,Жду заказ уже несколько дней дольше обещанного срока. Очень недоволен этой ситуацией.,Доставка
886,2025-08-21,Нет ответа,"Пишу в поддержку уже второй день, никто не отвечает.",Поддержка
244,2025-08-21,Курьер,Курьер не приехал в назначенное время и не позвонил.,Доставка
635,2025-08-22,Несоответствие,"Товар совсем не соответствует описанию на сайте. Хотелось бы понять, что делать дальше.",Качество товара
699,2025-08-22,Ошибка оплаты,"Платеж отклоняется, хотя с картой все в порядке. Очень недоволен этой ситуацией.",Оплата
843,2025-08-22,Адрес доставки,"Курьер сообщил, что не может найти мой адрес.",Доставка
293,2025-08-22,Не начислены бонусы,"За покупку не начислили обещанные бонусы. Подскажите, пожалуйста, как решить эту проблему.",Бонусная программа
347,2025-08-23,Нет ответа,"Пишу в поддержку уже второй день, никто не отвечает.",Поддержка
479,2025-08-23,Задержка доставки,Жду заказ уже несколько дней дольше обещанного срока.,Доставка
549,2025-08-23,Чек,"Не получил электронный чек после покупки. Надеюсь, вопрос получится быстро решить.",Документы
796,2025-08-23,Качество поддержки,Оператор не смог решить мой вопрос и просто переключал меня между отделами. Это уже не первый раз.,Поддержка
110,2025-08-24,Двойное списание,С карты дважды списали деньги за один заказ.,Оплата
12,2025-08-24,Поврежденный товар,Товар приехал поврежденным и пользоваться им невозможно.,Качество товара
183,2025-08-24,Ошибка приложения,Приложение зависает при оформлении заказа.,Мобильное приложение
21,2025-08-25,Двойное списание,С карты дважды списали деньги за один заказ. Очень недоволен этой ситуацией.,Оплата
760,2025-08-25,Изменилась цена,"В корзине цена товара оказалась выше, чем на странице товара. Хотелось бы понять, что делать дальше.",Цена
668,2025-08-26,Промокод,"Промокод указан как действующий, но система его не принимает. Подскажите, пожалуйста, как решить эту проблему.",Цена
188,2025-08-26,Несоответствие,"Товар совсем не соответствует описанию на сайте. Подскажите, пожалуйста, как решить эту проблему.",Качество товара
681,2025-08-27,Поврежденный товар,Товар приехал поврежденным и пользоваться им невозможно.,Качество товара
907,2025-08-27,Списание бонусов,Не получается использовать накопленные бонусы при оплате.,Бонусная программа
172,2025-08-27,Долгое ожидание,Очень долго ждал ответа оператора.,Поддержка
231,2025-08-28,Качество поддержки,"Оператор не смог решить мой вопрос и просто переключал меня между отделами. Подскажите, пожалуйста, как решить эту проблему.",Поддержка
409,2025-08-29,Возврат денег,"Товар вернул неделю назад, а деньги еще не поступили. Поддержка тоже не помогла.",Возвраты
443,2025-08-29,Изменилась цена,"В корзине цена товара оказалась выше, чем на странице товара.",Цена
471,2025-08-29,Адрес доставки,"Курьер сообщил, что не может найти мой адрес.",Доставка
240,2025-08-29,Возврат денег,Деньги после отмены заказа до сих пор не вернулись.,Оплата
552,2025-08-29,Задержка доставки,"Заказ должен был приехать вчера, но курьер так и не приехал. Прошу срочно решить проблему.",Доставка
959,2025-08-30,Несоответствие,Товар совсем не соответствует описанию на сайте.,Качество товара
875,2025-08-30,Изменилась цена,"В корзине цена товара оказалась выше, чем на странице товара.",Цена
596,2025-08-30,Задержка доставки,Жду заказ уже несколько дней дольше обещанного срока.,Доставка
563,2025-08-31,Брак,"Получил товар с явным браком. Надеюсь, вопрос получится быстро решить.",Качество товара
57,2025-08-31,Адрес доставки,"Курьер сообщил, что не может найти мой адрес. Поддержка тоже не помогла.",Доставка
171,2025-08-31,Качество поддержки,Оператор не смог решить мой вопрос и просто переключал меня между отделами.,Поддержка
359,2025-08-31,Задержка доставки,"Заказ должен был приехать вчера, но курьер так и не приехал.",Доставка
198,2025-08-31,Поврежденный товар,"Товар приехал поврежденным и пользоваться им невозможно. Подскажите, пожалуйста, как решить эту проблему.",Качество товара
135,2025-09-01,Ошибка приложения,"После обновления приложение перестало запускаться. Хотелось бы понять, что делать дальше.",Мобильное приложение
211,2025-09-02,Задержка доставки,"Заказ должен был приехать вчера, но курьер так и не приехал. Подскажите, пожалуйста, как решить эту проблему.",Доставка
348,2025-09-03,Списание бонусов,Не получается использовать накопленные бонусы при оплате. Очень недоволен этой ситуацией.,Бонусная программа
754,2025-09-03,Возврат денег,"Товар вернул неделю назад, а деньги еще не поступили.",Возвраты
586,2025-09-03,Несоответствие,Товар совсем не соответствует описанию на сайте.,Качество товара
955,2025-09-03,Ошибка приложения,Приложение зависает при оформлении заказа.,Мобильное приложение
538,2025-09-05,Долгое ожидание,"Очень долго ждал ответа оператора. Надеюсь, вопрос получится быстро решить.",Поддержка
779,2025-09-05,Брак,"Получил товар с явным браком. Хотелось бы понять, что делать дальше.",Качество товара
264,2025-09-05,Несоответствие,Товар совсем не соответствует описанию на сайте. Поддержка тоже не помогла.,Качество товара
257,2025-09-05,Чек,"Не получил электронный чек после покупки. Хотелось бы понять, что делать дальше.",Документы
294,2025-09-05,Адрес доставки,"Курьер сообщил, что не может найти мой адрес. Надеюсь, вопрос получится быстро решить.",Доставка
45,2025-09-06,Профиль,Не получается изменить номер телефона в профиле. Поддержка тоже не помогла.,Личный кабинет
434,2025-09-06,Двойное списание,С карты дважды списали деньги за один заказ.,Оплата
190,2025-09-07,Возврат денег,Деньги после отмены заказа до сих пор не вернулись.,Оплата
802,2025-09-07,Авторизация,"Не могу войти в приложение, постоянно выбрасывает на экран входа. Прошу помочь разобраться.",Мобильное приложение
700,2025-09-07,Повреждение,Заказ приехал с поврежденной упаковкой. Прошу помочь разобраться.,Доставка
70,2025-09-07,Возврат денег,Деньги после отмены заказа до сих пор не вернулись.,Оплата
833,2025-09-07,Возврат товара,"Хочу вернуть товар, но не понимаю, как оформить возврат. Прошу срочно решить проблему.",Возвраты
182,2025-09-08,Курьер,Курьер не приехал в назначенное время и не позвонил. Очень недоволен этой ситуацией.,Доставка
691,2025-09-08,Документы,В документах к заказу указаны неверные данные. Это уже не первый раз.,Документы
263,2025-09-08,Списание бонусов,Не получается использовать накопленные бонусы при оплате. Прошу помочь разобраться.,Бонусная программа
93,2025-09-08,Ошибка оплаты,"Не могу оплатить заказ банковской картой, постоянно появляется ошибка.",Оплата
508,2025-09-09,Двойное списание,С карты дважды списали деньги за один заказ. Прошу срочно решить проблему.,Оплата
212,2025-09-09,Задержка доставки,"Заказ должен был приехать вчера, но курьер так и не приехал.",Доставка
918,2025-09-09,Изменилась цена,"В корзине цена товара оказалась выше, чем на странице товара. Это уже не первый раз.",Цена
692,2025-09-09,Качество поддержки,Оператор не смог решить мой вопрос и просто переключал меня между отделами. Поддержка тоже не помогла.,Поддержка
608,2025-09-10,Не начислены бонусы,За покупку не начислили обещанные бонусы. Прошу срочно решить проблему.,Бонусная программа
30,2025-09-10,Задержка доставки,"Заказ должен был приехать вчера, но курьер так и не приехал. Прошу срочно решить проблему.",Доставка
911,2025-09-10,Чек,Не получил электронный чек после покупки. Это уже не первый раз.,Документы
322,2025-09-10,Задержка доставки,"Жду заказ уже несколько дней дольше обещанного срока. Если вопрос не решится, больше у вас покупать не буду.",Доставка
604,2025-09-11,Возврат денег,"Деньги после отмены заказа до сих пор не вернулись. Если вопрос не решится, больше у вас покупать не буду.",Оплата
663,2025-09-11,Курьер,Курьер не приехал в назначенное время и не позвонил. Очень недоволен этой ситуацией.,Доставка
748,2025-09-11,Авторизация,"Не могу войти в приложение, постоянно выбрасывает на экран входа. Хотелось бы понять, что делать дальше.",Мобильное приложение
812,2025-09-11,Ошибка приложения,"После обновления приложение перестало запускаться. Надеюсь, вопрос получится быстро решить.",Мобильное приложение
946,2025-09-12,Адрес доставки,"Курьер сообщил, что не может найти мой адрес.",Доставка
895,2025-09-12,Долгое ожидание,Очень долго ждал ответа оператора.,Поддержка
984,2025-09-12,Задержка доставки,"Заказ должен был приехать вчера, но курьер так и не приехал.",Доставка
713,2025-09-13,Профиль,Не получается изменить номер телефона в профиле. Поддержка тоже не помогла.,Личный кабинет
896,2025-09-13,Не начислены бонусы,За покупку не начислили обещанные бонусы.,Бонусная программа
871,2025-09-13,Ошибка приложения,После обновления приложение перестало запускаться. Прошу помочь разобраться.,Мобильное приложение
577,2025-09-14,Ошибка приложения,Приложение зависает при оформлении заказа. Прошу срочно решить проблему.,Мобильное приложение
703,2025-09-15,Профиль,"Не получается изменить номер телефона в профиле. Подскажите, пожалуйста, как решить эту проблему.",Личный кабинет
73,2025-09-15,Промокод,"Промокод указан как действующий, но система его не принимает.",Цена
657,2025-09-15,Чек,Не получил электронный чек после покупки. Прошу срочно решить проблему.,Документы
557,2025-09-16,Качество поддержки,Оператор не смог решить мой вопрос и просто переключал меня между отделами.,Поддержка
630,2025-09-16,Двойное списание,С карты дважды списали деньги за один заказ.,Оплата
609,2025-09-16,Нет ответа,"Пишу в поддержку уже второй день, никто не отвечает. Поддержка тоже не помогла.",Поддержка
144,2025-09-16,Качество поддержки,"Оператор не смог решить мой вопрос и просто переключал меня между отделами. Хотелось бы понять, что делать дальше.",Поддержка
766,2025-09-17,Промокод,"Промокод указан как действующий, но система его не принимает. Подскажите, пожалуйста, как решить эту проблему.",Цена
261,2025-09-17,Возврат товара,"Хочу вернуть товар, но не понимаю, как оформить возврат.",Возвраты
470,2025-09-17,Ошибка приложения,"После обновления приложение перестало запускаться. Подскажите, пожалуйста, как решить эту проблему.",Мобильное приложение
561,2025-09-18,Брак,Получил товар с явным браком.,Качество товара
899,2025-09-18,Задержка доставки,"Заказ должен был приехать вчера, но курьер так и не приехал.",Доставка
567,2025-09-18,Корзина,"Добавляю товар в корзину, но он сразу исчезает. Хотелось бы понять, что делать дальше.",Мобильное приложение
401,2025-09-19,Авторизация,"Не могу войти в приложение, постоянно выбрасывает на экран входа. Если вопрос не решится, больше у вас покупать не буду.",Мобильное приложение
383,2025-09-20,Адрес доставки,"Курьер сообщил, что не может найти мой адрес.",Доставка
451,2025-09-20,Адрес доставки,"Курьер сообщил, что не может найти мой адрес.",Доставка
832,2025-09-21,Корзина,"Добавляю товар в корзину, но он сразу исчезает. Хотелось бы понять, что делать дальше.",Мобильное приложение
246,2025-09-21,Авторизация,Не могу войти в личный кабинет. Очень недоволен этой ситуацией.,Личный кабинет
547,2025-09-21,Долгое ожидание,"Очень долго ждал ответа оператора. Хотелось бы понять, что делать дальше.",Поддержка
564,2025-09-21,Повреждение,Заказ приехал с поврежденной упаковкой.,Доставка
50,2025-09-22,Нет ответа,"Пишу в поддержку уже второй день, никто не отвечает.",Поддержка
906,2025-09-22,Счет,Не могу получить счет на заказ.,Документы
784,2025-09-22,Двойное списание,С карты дважды списали деньги за один заказ.,Оплата
890,2025-09-22,Корзина,"Добавляю товар в корзину, но он сразу исчезает.",Мобильное приложение
868,2025-09-23,Авторизация,"Не могу войти в приложение, постоянно выбрасывает на экран входа. Это уже не первый раз.",Мобильное приложение
505,2025-09-23,Несоответствие,Товар совсем не соответствует описанию на сайте.,Качество товара
526,2025-09-23,Не начислены бонусы,За покупку не начислили обещанные бонусы.,Бонусная программа
248,2025-09-23,Поврежденный товар,Товар приехал поврежденным и пользоваться им невозможно. Очень недоволен этой ситуацией.,Качество товара
488,2025-09-23,Возврат товара,"Хочу вернуть товар, но не понимаю, как оформить возврат. Это уже не первый раз.",Возвраты
238,2025-09-23,Корзина,"Добавляю товар в корзину, но он сразу исчезает.",Мобильное приложение
920,2025-09-24,Долгое ожидание,"Очень долго ждал ответа оператора. Хотелось бы понять, что делать дальше.",Поддержка
743,2025-09-24,Ошибка оплаты,"Платеж отклоняется, хотя с картой все в порядке.",Оплата
147,2025-09-24,Нет ответа,"Пишу в поддержку уже второй день, никто не отвечает.",Поддержка
184,2025-09-25,Счет,"Не могу получить счет на заказ. Надеюсь, вопрос получится быстро решить.",Документы
216,2025-09-25,Поврежденный товар,Товар приехал поврежденным и пользоваться им невозможно.,Качество товара
573,2025-09-26,Ошибка приложения,Приложение зависает при оформлении заказа.,Мобильное приложение
272,2025-09-27,Изменилась цена,"В корзине цена товара оказалась выше, чем на странице товара. Это уже не первый раз.",Цена
969,2025-09-27,Долгое ожидание,"Очень долго ждал ответа оператора. Если вопрос не решится, больше у вас покупать не буду.",Поддержка
646,2025-09-28,Задержка доставки,Жду заказ уже несколько дней дольше обещанного срока. Прошу срочно решить проблему.,Доставка
715,2025-09-28,Изменилась цена,"В корзине цена товара оказалась выше, чем на странице товара.",Цена
376,2025-09-29,Ошибка оплаты,"Платеж отклоняется, хотя с картой все в порядке. Хотелось бы понять, что делать дальше.",Оплата
581,2025-09-30,Поврежденный товар,Товар приехал поврежденным и пользоваться им невозможно. Очень недоволен этой ситуацией.,Качество товара
823,2025-09-30,Отказ в возврате,Мне отказали в возврате товара без понятного объяснения.,Возвраты
161,2025-10-01,Адрес доставки,"Курьер сообщил, что не может найти мой адрес. Надеюсь, вопрос получится быстро решить.",Доставка
961,2025-10-01,Пропали бонусы,Из личного кабинета исчезли мои бонусные баллы.,Бонусная программа
836,2025-10-01,Возврат денег,"Товар вернул неделю назад, а деньги еще не поступили. Прошу срочно решить проблему.",Возвраты
768,2025-10-02,Нет ответа,"Пишу в поддержку уже второй день, никто не отвечает.",Поддержка
114,2025-10-02,Возврат товара,"Хочу вернуть товар, но не понимаю, как оформить возврат.",Возвраты
314,2025-10-02,Курьер,Курьер не приехал в назначенное время и не позвонил. Очень недоволен этой ситуацией.,Доставка
465,2025-10-02,Повреждение,"Заказ приехал с поврежденной упаковкой. Надеюсь, вопрос получится быстро решить.",Доставка
672,2025-10-02,Авторизация,"Не могу войти в приложение, постоянно выбрасывает на экран входа.",Мобильное приложение
120,2025-10-03,Авторизация,"Не могу войти в приложение, постоянно выбрасывает на экран входа.",Мобильное приложение
811,2025-10-03,Ошибка оплаты,"Платеж отклоняется, хотя с картой все в порядке. Надеюсь, вопрос получится быстро решить.",Оплата
185,2025-10-03,История заказов,"В личном кабинете пропала история моих заказов. Подскажите, пожалуйста, как решить эту проблему.",Личный кабинет
323,2025-10-03,Адрес доставки,"Курьер сообщил, что не может найти мой адрес.",Доставка
626,2025-10-03,Не начислены бонусы,За покупку не начислили обещанные бонусы. Поддержка тоже не помогла.,Бонусная программа
436,2025-10-04,Пропали бонусы,Из личного кабинета исчезли мои бонусные баллы.,Бонусная программа
339,2025-10-04,Двойное списание,С карты дважды списали деньги за один заказ.,Оплата
56,2025-10-04,Повреждение,"Заказ приехал с поврежденной упаковкой. Надеюсь, вопрос получится быстро решить.",Доставка
723,2025-10-04,Отказ в возврате,Мне отказали в возврате товара без понятного объяснения.,Возвраты
48,2025-10-04,Профиль,Не получается изменить номер телефона в профиле.,Личный кабинет
247,2025-10-05,Брак,Получил товар с явным браком.,Качество товара
278,2025-10-05,Задержка доставки,"Заказ должен был приехать вчера, но курьер так и не приехал.",Доставка
914,2025-10-05,Отказ в возврате,"Мне отказали в возврате товара без понятного объяснения. Если вопрос не решится, больше у вас покупать не буду.",Возвраты
767,2025-10-06,Курьер,Курьер не приехал в назначенное время и не позвонил. Это уже не первый раз.,Доставка
265,2025-10-06,Возврат денег,"Товар вернул неделю назад, а деньги еще не поступили. Прошу срочно решить проблему.",Возвраты
992,2025-10-07,Возврат денег,"Товар вернул неделю назад, а деньги еще не поступили. Поддержка тоже не помогла.",Возвраты
157,2025-10-07,Авторизация,"Не могу войти в личный кабинет. Хотелось бы понять, что делать дальше.",Личный кабинет
3,2025-10-07,Адрес доставки,"Курьер сообщил, что не может найти мой адрес.",Доставка
759,2025-10-07,Повреждение,Заказ приехал с поврежденной упаковкой.,Доставка
912,2025-10-07,Авторизация,Не могу войти в личный кабинет.,Личный кабинет
127,2025-10-08,Списание бонусов,Не получается использовать накопленные бонусы при оплате.,Бонусная программа
199,2025-10-09,Отказ в возврате,"Мне отказали в возврате товара без понятного объяснения. Хотелось бы понять, что делать дальше.",Возвраты
597,2025-10-09,Чек,"Не получил электронный чек после покупки. Подскажите, пожалуйста, как решить эту проблему.",Документы
250,2025-10-09,Курьер,"Курьер не приехал в назначенное время и не позвонил. Хотелось бы понять, что делать дальше.",Доставка
937,2025-10-09,Ошибка оплаты,"Платеж отклоняется, хотя с картой все в порядке.",Оплата
258,2025-10-10,Задержка доставки,"Жду заказ уже несколько дней дольше обещанного срока. Если вопрос не решится, больше у вас покупать не буду.",Доставка
13,2025-10-10,Возврат денег,"Деньги после отмены заказа до сих пор не вернулись. Надеюсь, вопрос получится быстро решить.",Оплата
100,2025-10-10,Задержка доставки,Жду заказ уже несколько дней дольше обещанного срока.,Доставка
517,2025-10-10,Задержка доставки,"Заказ должен был приехать вчера, но курьер так и не приехал.",Доставка
522,2025-10-10,Нет ответа,"Пишу в поддержку уже второй день, никто не отвечает. Поддержка тоже не помогла.",Поддержка
415,2025-10-11,Документы,"В документах к заказу указаны неверные данные. Если вопрос не решится, больше у вас покупать не буду.",Документы
739,2025-10-11,Повреждение,Заказ приехал с поврежденной упаковкой. Поддержка тоже не помогла.,Доставка
194,2025-10-12,Профиль,"Не получается изменить номер телефона в профиле. Хотелось бы понять, что делать дальше.",Личный кабинет
584,2025-10-13,Возврат денег,Деньги после отмены заказа до сих пор не вернулись. Поддержка тоже не помогла.,Оплата
661,2025-10-13,Промокод,"Промокод указан как действующий, но система его не принимает. Если вопрос не решится, больше у вас покупать не буду.",Цена
785,2025-10-14,Возврат денег,"Товар вернул неделю назад, а деньги еще не поступили.",Возвраты
742,2025-10-14,Изменилась цена,"В корзине цена товара оказалась выше, чем на странице товара. Надеюсь, вопрос получится быстро решить.",Цена
430,2025-10-14,Возврат денег,"Товар вернул неделю назад, а деньги еще не поступили. Прошу срочно решить проблему.",Возвраты
143,2025-10-14,Долгое ожидание,"Очень долго ждал ответа оператора. Надеюсь, вопрос получится быстро решить.",Поддержка
27,2025-10-15,Качество поддержки,"Оператор не смог решить мой вопрос и просто переключал меня между отделами. Надеюсь, вопрос получится быстро решить.",Поддержка
318,2025-10-15,Двойное списание,С карты дважды списали деньги за один заказ. Очень недоволен этой ситуацией.,Оплата
592,2025-10-15,Авторизация,"Не могу войти в приложение, постоянно выбрасывает на экран входа.",Мобильное приложение
362,2025-10-15,Ошибка оплаты,"Не могу оплатить заказ банковской картой, постоянно появляется ошибка. Подскажите, пожалуйста, как решить эту проблему.",Оплата
162,2025-10-16,Ошибка приложения,После обновления приложение перестало запускаться. Очень недоволен этой ситуацией.,Мобильное приложение
629,2025-10-16,Повреждение,"Заказ приехал с поврежденной упаковкой. Если вопрос не решится, больше у вас покупать не буду.",Доставка
722,2025-10-16,Ошибка оплаты,"Платеж отклоняется, хотя с картой все в порядке. Очень недоволен этой ситуацией.",Оплата
839,2025-10-17,Списание бонусов,"Не получается использовать накопленные бонусы при оплате. Если вопрос не решится, больше у вас покупать не буду.",Бонусная программа
956,2025-10-17,Поврежденный товар,Товар приехал поврежденным и пользоваться им невозможно.,Качество товара
179,2025-10-17,История заказов,В личном кабинете пропала история моих заказов. Прошу помочь разобраться.,Личный кабинет
335,2025-10-17,Двойное списание,"С карты дважды списали деньги за один заказ. Надеюсь, вопрос получится быстро решить.",Оплата
982,2025-10-18,Повреждение,Заказ приехал с поврежденной упаковкой.,Доставка
923,2025-10-18,Задержка доставки,Жду заказ уже несколько дней дольше обещанного срока.,Доставка
689,2025-10-19,Списание бонусов,Не получается использовать накопленные бонусы при оплате. Прошу помочь разобраться.,Бонусная программа
230,2025-10-19,Скидка,Обещанная скидка не применилась при оформлении заказа.,Цена
825,2025-10-21,Ошибка оплаты,"Не могу оплатить заказ банковской картой, постоянно появляется ошибка.",Оплата
945,2025-10-21,Несоответствие,"Товар совсем не соответствует описанию на сайте. Подскажите, пожалуйста, как решить эту проблему.",Качество товара
394,2025-10-21,Отказ в возврате,"Мне отказали в возврате товара без понятного объяснения. Подскажите, пожалуйста, как решить эту проблему.",Возвраты
601,2025-10-21,Ошибка оплаты,"Не могу оплатить заказ банковской картой, постоянно появляется ошибка. Если вопрос не решится, больше у вас покупать не буду.",Оплата
898,2025-10-21,Ошибка приложения,После обновления приложение перестало запускаться.,Мобильное приложение
658,2025-10-22,Возврат денег,Деньги после отмены заказа до сих пор не вернулись.,Оплата
155,2025-10-22,Возврат товара,"Хочу вернуть товар, но не понимаю, как оформить возврат.",Возвраты
756,2025-10-22,История заказов,"В личном кабинете пропала история моих заказов. Подскажите, пожалуйста, как решить эту проблему.",Личный кабинет
993,2025-10-23,Авторизация,"Не могу войти в приложение, постоянно выбрасывает на экран входа.",Мобильное приложение
77,2025-10-24,Качество поддержки,Оператор не смог решить мой вопрос и просто переключал меня между отделами.,Поддержка
406,2025-10-24,Несоответствие,Товар совсем не соответствует описанию на сайте. Очень недоволен этой ситуацией.,Качество товара
638,2025-10-24,Адрес доставки,"Курьер сообщил, что не может найти мой адрес.",Доставка
774,2025-10-25,Авторизация,"Не могу войти в приложение, постоянно выбрасывает на экран входа. Хотелось бы понять, что делать дальше.",Мобильное приложение
530,2025-10-25,Повреждение,Заказ приехал с поврежденной упаковкой. Это уже не первый раз.,Доставка
941,2025-10-26,Нет ответа,"Пишу в поддержку уже второй день, никто не отвечает.",Поддержка
154,2025-10-27,Изменилась цена,"В корзине цена товара оказалась выше, чем на странице товара. Прошу срочно решить проблему.",Цена
239,2025-10-27,Поврежденный товар,Товар приехал поврежденным и пользоваться им невозможно.,Качество товара
687,2025-10-27,Долгое ожидание,Очень долго ждал ответа оператора.,Поддержка
876,2025-10-28,Курьер,Курьер не приехал в назначенное время и не позвонил.,Доставка
675,2025-10-28,Авторизация,"Не могу войти в приложение, постоянно выбрасывает на экран входа. Хотелось бы понять, что делать дальше.",Мобильное приложение
203,2025-10-29,Документы,"В документах к заказу указаны неверные данные. Надеюсь, вопрос получится быстро решить.",Документы
217,2025-10-29,Счет,"Не могу получить счет на заказ. Надеюсь, вопрос получится быстро решить.",Документы
345,2025-10-31,Повреждение,Заказ приехал с поврежденной упаковкой.,Доставка
186,2025-10-31,Двойное списание,С карты дважды списали деньги за один заказ. Прошу срочно решить проблему.,Оплата
998,2025-11-01,Счет,Не могу получить счет на заказ. Это уже не первый раз.,Документы
414,2025-11-01,Возврат денег,"Товар вернул неделю назад, а деньги еще не поступили. Надеюсь, вопрос получится быстро решить.",Возвраты
653,2025-11-01,Повреждение,Заказ приехал с поврежденной упаковкой. Очень недоволен этой ситуацией.,Доставка
429,2025-11-01,Нет ответа,"Пишу в поддержку уже второй день, никто не отвечает.",Поддержка
551,2025-11-02,Пропали бонусы,Из личного кабинета исчезли мои бонусные баллы. Очень недоволен этой ситуацией.,Бонусная программа
352,2025-11-02,Возврат денег,"Товар вернул неделю назад, а деньги еще не поступили. Прошу помочь разобраться.",Возвраты
215,2025-11-02,Авторизация,Не могу войти в личный кабинет. Поддержка тоже не помогла.,Личный кабинет
386,2025-11-03,Задержка доставки,Жду заказ уже несколько дней дольше обещанного срока.,Доставка
424,2025-11-03,Курьер,Курьер не приехал в назначенное время и не позвонил.,Доставка
259,2025-11-03,Возврат товара,"Хочу вернуть товар, но не понимаю, как оформить возврат. Прошу срочно решить проблему.",Возвраты
765,2025-11-03,Возврат денег,"Товар вернул неделю назад, а деньги еще не поступили. Прошу помочь разобраться.",Возвраты
866,2025-11-04,Несоответствие,Товар совсем не соответствует описанию на сайте.,Качество товара
5,2025-11-05,Задержка доставки,Жду заказ уже несколько дней дольше обещанного срока. Это уже не первый раз.,Доставка
404,2025-11-05,Задержка доставки,"Заказ должен был приехать вчера, но курьер так и не приехал.",Доставка
531,2025-11-06,Ошибка оплаты,"Не могу оплатить заказ банковской картой, постоянно появляется ошибка. Прошу срочно решить проблему.",Оплата
447,2025-11-06,Курьер,Курьер не приехал в назначенное время и не позвонил.,Доставка
353,2025-11-06,Ошибка оплаты,"Не могу оплатить заказ банковской картой, постоянно появляется ошибка. Прошу срочно решить проблему.",Оплата
1000,2025-11-07,Не начислены бонусы,За покупку не начислили обещанные бонусы.,Бонусная программа
298,2025-11-07,Корзина,"Добавляю товар в корзину, но он сразу исчезает. Поддержка тоже не помогла.",Мобильное приложение
625,2025-11-07,Ошибка оплаты,"Платеж отклоняется, хотя с картой все в порядке. Поддержка тоже не помогла.",Оплата
173,2025-11-07,Несоответствие,Товар совсем не соответствует описанию на сайте. Это уже не первый раз.,Качество товара
498,2025-11-08,Долгое ожидание,Очень долго ждал ответа оператора.,Поддержка
461,2025-11-08,Возврат товара,"Хочу вернуть товар, но не понимаю, как оформить возврат. Поддержка тоже не помогла.",Возвраты
252,2025-11-08,Профиль,Не получается изменить номер телефона в профиле.,Личный кабинет
583,2025-11-09,Возврат товара,"Хочу вернуть товар, но не понимаю, как оформить возврат.",Возвраты
422,2025-11-09,Курьер,"Курьер не приехал в назначенное время и не позвонил. Если вопрос не решится, больше у вас покупать не буду.",Доставка
983,2025-11-10,Ошибка оплаты,"Не могу оплатить заказ банковской картой, постоянно появляется ошибка. Если вопрос не решится, больше у вас покупать не буду.",Оплата
949,2025-11-11,Брак,Получил товар с явным браком. Очень недоволен этой ситуацией.,Качество товара
970,2025-11-11,Двойное списание,С карты дважды списали деньги за один заказ.,Оплата
346,2025-11-11,Повреждение,Заказ приехал с поврежденной упаковкой.,Доставка
788,2025-11-11,Списание бонусов,"Не получается использовать накопленные бонусы при оплате. Надеюсь, вопрос получится быстро решить.",Бонусная программа
459,2025-11-12,Задержка доставки,"Заказ должен был приехать вчера, но курьер так и не приехал.",Доставка
593,2025-11-12,Авторизация,"Не могу войти в приложение, постоянно выбрасывает на экран входа.",Мобильное приложение
821,2025-11-12,Задержка доставки,Жду заказ уже несколько дней дольше обещанного срока. Прошу срочно решить проблему.,Доставка
731,2025-11-13,Двойное списание,С карты дважды списали деньги за один заказ. Это уже не первый раз.,Оплата
380,2025-11-13,Задержка доставки,"Заказ должен был приехать вчера, но курьер так и не приехал.",Доставка
218,2025-11-14,Задержка доставки,"Заказ должен был приехать вчера, но курьер так и не приехал. Поддержка тоже не помогла.",Доставка
910,2025-11-15,Возврат денег,"Деньги после отмены заказа до сих пор не вернулись. Надеюсь, вопрос получится быстро решить.",Оплата
275,2025-11-16,Качество поддержки,Оператор не смог решить мой вопрос и просто переключал меня между отделами.,Поддержка
558,2025-11-16,Нет ответа,"Пишу в поддержку уже второй день, никто не отвечает.",Поддержка
841,2025-11-17,Ошибка приложения,Приложение зависает при оформлении заказа.,Мобильное приложение
474,2025-11-18,Повреждение,Заказ приехал с поврежденной упаковкой. Это уже не первый раз.,Доставка
405,2025-11-18,Отказ в возврате,Мне отказали в возврате товара без понятного объяснения. Поддержка тоже не помогла.,Возвраты
408,2025-11-18,Ошибка оплаты,"Платеж отклоняется, хотя с картой все в порядке.",Оплата
953,2025-11-19,Документы,В документах к заказу указаны неверные данные. Поддержка тоже не помогла.,Документы
279,2025-11-20,Долгое ожидание,Очень долго ждал ответа оператора.,Поддержка
830,2025-11-20,Ошибка оплаты,"Платеж отклоняется, хотя с картой все в порядке. Подскажите, пожалуйста, как решить эту проблему.",Оплата
478,2025-11-20,Двойное списание,С карты дважды списали деньги за один заказ.,Оплата
281,2025-11-21,Нет ответа,"Пишу в поддержку уже второй день, никто не отвечает. Хотелось бы понять, что делать дальше.",Поддержка
94,2025-11-21,Возврат денег,Деньги после отмены заказа до сих пор не вернулись.,Оплата
728,2025-11-21,Ошибка оплаты,"Платеж отклоняется, хотя с картой все в порядке. Хотелось бы понять, что делать дальше.",Оплата
407,2025-11-22,Счет,Не могу получить счет на заказ. Прошу срочно решить проблему.,Документы
300,2025-11-22,Возврат денег,Деньги после отмены заказа до сих пор не вернулись. Очень недоволен этой ситуацией.,Оплата
316,2025-11-23,Изменилась цена,"В корзине цена товара оказалась выше, чем на странице товара. Очень недоволен этой ситуацией.",Цена
712,2025-11-23,Задержка доставки,Жду заказ уже несколько дней дольше обещанного срока.,Доставка
208,2025-11-23,Списание бонусов,Не получается использовать накопленные бонусы при оплате.,Бонусная программа
922,2025-11-23,Авторизация,"Не могу войти в личный кабинет. Надеюсь, вопрос получится быстро решить.",Личный кабинет
333,2025-11-24,Брак,Получил товар с явным браком.,Качество товара
880,2025-11-24,Отказ в возврате,Мне отказали в возврате товара без понятного объяснения.,Возвраты
292,2025-11-24,Документы,В документах к заказу указаны неверные данные.,Документы
794,2025-11-24,Ошибка оплаты,"Платеж отклоняется, хотя с картой все в порядке. Надеюсь, вопрос получится быстро решить.",Оплата
977,2025-11-24,Документы,В документах к заказу указаны неверные данные.,Документы
495,2025-11-24,Чек,Не получил электронный чек после покупки.,Документы
40,2025-11-24,Возврат товара,"Хочу вернуть товар, но не понимаю, как оформить возврат.",Возвраты
534,2025-11-24,Повреждение,Заказ приехал с поврежденной упаковкой.,Доставка
1,2025-11-24,Курьер,Курьер не приехал в назначенное время и не позвонил.,Доставка
113,2025-11-25,Отказ в возврате,Мне отказали в возврате товара без понятного объяснения. Прошу срочно решить проблему.,Возвраты
535,2025-11-25,Скидка,Обещанная скидка не применилась при оформлении заказа.,Цена
36,2025-11-25,Возврат денег,"Деньги после отмены заказа до сих пор не вернулись. Подскажите, пожалуйста, как решить эту проблему.",Оплата
448,2025-11-25,Возврат денег,"Товар вернул неделю назад, а деньги еще не поступили. Прошу помочь разобраться.",Возвраты
642,2025-11-25,Документы,"В документах к заказу указаны неверные данные. Подскажите, пожалуйста, как решить эту проблему.",Документы
195,2025-11-27,Долгое ожидание,Очень долго ждал ответа оператора. Поддержка тоже не помогла.,Поддержка
413,2025-11-27,Не начислены бонусы,"За покупку не начислили обещанные бонусы. Надеюсь, вопрос получится быстро решить.",Бонусная программа
420,2025-11-27,Двойное списание,С карты дважды списали деньги за один заказ. Это уже не первый раз.,Оплата
770,2025-11-28,Несоответствие,Товар совсем не соответствует описанию на сайте. Очень недоволен этой ситуацией.,Качество товара
181,2025-11-28,Ошибка оплаты,"Платеж отклоняется, хотя с картой все в порядке. Прошу срочно решить проблему.",Оплата
611,2025-11-28,Двойное списание,С карты дважды списали деньги за один заказ.,Оплата
6,2025-11-29,Долгое ожидание,Очень долго ждал ответа оператора.,Поддержка
710,2025-11-29,Ошибка приложения,"После обновления приложение перестало запускаться. Подскажите, пожалуйста, как решить эту проблему.",Мобильное приложение
456,2025-11-29,Двойное списание,С карты дважды списали деньги за один заказ.,Оплата
533,2025-11-30,Ошибка оплаты,"Платеж отклоняется, хотя с картой все в порядке. Надеюсь, вопрос получится быстро решить.",Оплата
599,2025-11-30,Возврат денег,Деньги после отмены заказа до сих пор не вернулись.,Оплата
752,2025-11-30,Чек,Не получил электронный чек после покупки.,Документы
807,2025-12-01,Несоответствие,"Товар совсем не соответствует описанию на сайте. Хотелось бы понять, что делать дальше.",Качество товара
816,2025-12-01,Корзина,"Добавляю товар в корзину, но он сразу исчезает. Прошу срочно решить проблему.",Мобильное приложение
598,2025-12-01,Скидка,"Обещанная скидка не применилась при оформлении заказа. Хотелось бы понять, что делать дальше.",Цена
827,2025-12-02,Задержка доставки,Жду заказ уже несколько дней дольше обещанного срока.,Доставка
846,2025-12-02,Ошибка оплаты,"Не могу оплатить заказ банковской картой, постоянно появляется ошибка.",Оплата
690,2025-12-02,Скидка,Обещанная скидка не применилась при оформлении заказа.,Цена
354,2025-12-02,Качество поддержки,Оператор не смог решить мой вопрос и просто переключал меня между отделами. Это уже не первый раз.,Поддержка
129,2025-12-02,Ошибка оплаты,"Платеж отклоняется, хотя с картой все в порядке. Хотелось бы понять, что делать дальше.",Оплата
902,2025-12-02,Возврат денег,"Товар вернул неделю назад, а деньги еще не поступили.",Возвраты
25,2025-12-02,Несоответствие,"Товар совсем не соответствует описанию на сайте. Хотелось бы понять, что делать дальше.",Качество товара
484,2025-12-02,Ошибка оплаты,"Не могу оплатить заказ банковской картой, постоянно появляется ошибка. Поддержка тоже не помогла.",Оплата
371,2025-12-03,История заказов,В личном кабинете пропала история моих заказов.,Личный кабинет
916,2025-12-03,Возврат денег,Деньги после отмены заказа до сих пор не вернулись.,Оплата
787,2025-12-03,Возврат товара,"Хочу вернуть товар, но не понимаю, как оформить возврат. Это уже не первый раз.",Возвраты
301,2025-12-04,Нет ответа,"Пишу в поддержку уже второй день, никто не отвечает. Очень недоволен этой ситуацией.",Поддержка
340,2025-12-05,Не начислены бонусы,За покупку не начислили обещанные бонусы.,Бонусная программа
226,2025-12-05,Авторизация,"Не могу войти в приложение, постоянно выбрасывает на экран входа. Подскажите, пожалуйста, как решить эту проблему.",Мобильное приложение
437,2025-12-05,Двойное списание,"С карты дважды списали деньги за один заказ. Надеюсь, вопрос получится быстро решить.",Оплата
132,2025-12-06,Долгое ожидание,Очень долго ждал ответа оператора.,Поддержка
269,2025-12-06,Авторизация,"Не могу войти в приложение, постоянно выбрасывает на экран входа. Хотелось бы понять, что делать дальше.",Мобильное приложение
89,2025-12-06,Задержка доставки,Жду заказ уже несколько дней дольше обещанного срока.,Доставка
835,2025-12-07,Нет ответа,"Пишу в поддержку уже второй день, никто не отвечает. Поддержка тоже не помогла.",Поддержка
847,2025-12-07,Не начислены бонусы,За покупку не начислили обещанные бонусы.,Бонусная программа
979,2025-12-07,Нет ответа,"Пишу в поддержку уже второй день, никто не отвечает. Подскажите, пожалуйста, как решить эту проблему.",Поддержка
887,2025-12-08,Качество поддержки,Оператор не смог решить мой вопрос и просто переключал меня между отделами.,Поддержка
620,2025-12-08,Курьер,Курьер не приехал в назначенное время и не позвонил.,Доставка
385,2025-12-08,Задержка доставки,"Жду заказ уже несколько дней дольше обещанного срока. Подскажите, пожалуйста, как решить эту проблему.",Доставка
615,2025-12-09,Задержка доставки,"Жду заказ уже несколько дней дольше обещанного срока. Хотелось бы понять, что делать дальше.",Доставка
696,2025-12-09,Задержка доставки,"Заказ должен был приехать вчера, но курьер так и не приехал. Подскажите, пожалуйста, как решить эту проблему.",Доставка
391,2025-12-09,Ошибка приложения,"После обновления приложение перестало запускаться. Подскажите, пожалуйста, как решить эту проблему.",Мобильное приложение
241,2025-12-10,Задержка доставки,Жду заказ уже несколько дней дольше обещанного срока.,Доставка
496,2025-12-10,Долгое ожидание,Очень долго ждал ответа оператора. Прошу помочь разобраться.,Поддержка
432,2025-12-10,Возврат денег,"Товар вернул неделю назад, а деньги еще не поступили.",Возвраты
81,2025-12-10,Долгое ожидание,Очень долго ждал ответа оператора.,Поддержка
324,2025-12-10,Промокод,"Промокод указан как действующий, но система его не принимает. Прошу помочь разобраться.",Цена
664,2025-12-10,Возврат денег,Деньги после отмены заказа до сих пор не вернулись. Это уже не первый раз.,Оплата
315,2025-12-11,Адрес доставки,"Курьер сообщил, что не может найти мой адрес. Прошу срочно решить проблему.",Доставка
905,2025-12-11,Не начислены бонусы,За покупку не начислили обещанные бонусы.,Бонусная программа
636,2025-12-11,Ошибка приложения,"После обновления приложение перестало запускаться. Подскажите, пожалуйста, как решить эту проблему.",Мобильное приложение
798,2025-12-11,Задержка доставки,"Заказ должен был приехать вчера, но курьер так и не приехал.",Доставка
648,2025-12-11,Долгое ожидание,Очень долго ждал ответа оператора. Прошу помочь разобраться.,Поддержка
130,2025-12-12,Адрес доставки,"Курьер сообщил, что не может найти мой адрес. Поддержка тоже не помогла.",Доставка
370,2025-12-12,Нет ответа,"Пишу в поддержку уже второй день, никто не отвечает. Надеюсь, вопрос получится быстро решить.",Поддержка
771,2025-12-13,Долгое ожидание,Очень долго ждал ответа оператора. Поддержка тоже не помогла.,Поддержка
858,2025-12-13,Повреждение,"Заказ приехал с поврежденной упаковкой. Надеюсь, вопрос получится быстро решить.",Доставка
829,2025-12-13,Двойное списание,"С карты дважды списали деньги за один заказ. Надеюсь, вопрос получится быстро решить.",Оплата
176,2025-12-13,Скидка,"Обещанная скидка не применилась при оформлении заказа. Подскажите, пожалуйста, как решить эту проблему.",Цена
444,2025-12-14,Скидка,"Обещанная скидка не применилась при оформлении заказа. Хотелось бы понять, что делать дальше.",Цена
497,2025-12-14,Задержка доставки,"Заказ должен был приехать вчера, но курьер так и не приехал.",Доставка
32,2025-12-15,Возврат товара,"Хочу вернуть товар, но не понимаю, как оформить возврат. Подскажите, пожалуйста, как решить эту проблему.",Возвраты
582,2025-12-15,Качество поддержки,Оператор не смог решить мой вопрос и просто переключал меня между отделами.,Поддержка
521,2025-12-15,Брак,"Получил товар с явным браком. Если вопрос не решится, больше у вас покупать не буду.",Качество товара
574,2025-12-15,Повреждение,Заказ приехал с поврежденной упаковкой. Это уже не первый раз.,Доставка
632,2025-12-15,Повреждение,"Заказ приехал с поврежденной упаковкой. Хотелось бы понять, что делать дальше.",Доставка
19,2025-12-16,Качество поддержки,Оператор не смог решить мой вопрос и просто переключал меня между отделами. Очень недоволен этой ситуацией.,Поддержка
840,2025-12-16,Ошибка приложения,После обновления приложение перестало запускаться.,Мобильное приложение
287,2025-12-16,Повреждение,Заказ приехал с поврежденной упаковкой.,Доставка
536,2025-12-17,Ошибка оплаты,"Платеж отклоняется, хотя с картой все в порядке.",Оплата
477,2025-12-17,Отказ в возврате,"Мне отказали в возврате товара без понятного объяснения. Хотелось бы понять, что делать дальше.",Возвраты
709,2025-12-17,Авторизация,Не могу войти в личный кабинет. Очень недоволен этой ситуацией.,Личный кабинет
940,2025-12-18,Качество поддержки,Оператор не смог решить мой вопрос и просто переключал меня между отделами.,Поддержка
570,2025-12-19,Качество поддержки,"Оператор не смог решить мой вопрос и просто переключал меня между отделами. Хотелось бы понять, что делать дальше.",Поддержка
537,2025-12-19,Адрес доставки,"Курьер сообщил, что не может найти мой адрес. Подскажите, пожалуйста, как решить эту проблему.",Доставка
222,2025-12-19,Долгое ожидание,Очень долго ждал ответа оператора.,Поддержка
724,2025-12-19,Качество поддержки,Оператор не смог решить мой вопрос и просто переключал меня между отделами. Это уже не первый раз.,Поддержка
844,2025-12-19,Промокод,"Промокод указан как действующий, но система его не принимает.",Цена
397,2025-12-20,Изменилась цена,"В корзине цена товара оказалась выше, чем на странице товара. Подскажите, пожалуйста, как решить эту проблему.",Цена
867,2025-12-20,Курьер,Курьер не приехал в назначенное время и не позвонил.,Доставка
493,2025-12-20,Возврат денег,"Товар вернул неделю назад, а деньги еще не поступили.",Возвраты
328,2025-12-20,Ошибка оплаты,"Платеж отклоняется, хотя с картой все в порядке. Хотелось бы понять, что делать дальше.",Оплата
197,2025-12-21,Повреждение,Заказ приехал с поврежденной упаковкой.,Доставка
439,2025-12-21,Авторизация,"Не могу войти в приложение, постоянно выбрасывает на экран входа. Это уже не первый раз.",Мобильное приложение
716,2025-12-21,Списание бонусов,Не получается использовать накопленные бонусы при оплате.,Бонусная программа
178,2025-12-23,Ошибка приложения,После обновления приложение перестало запускаться. Поддержка тоже не помогла.,Мобильное приложение
780,2025-12-23,Возврат товара,"Хочу вернуть товар, но не понимаю, как оформить возврат.",Возвраты
137,2025-12-23,Ошибка оплаты,"Платеж отклоняется, хотя с картой все в порядке.",Оплата
140,2025-12-23,Брак,Получил товар с явным браком. Прошу помочь разобраться.,Качество товара
884,2025-12-24,Возврат товара,"Хочу вернуть товар, но не понимаю, как оформить возврат.",Возвраты
251,2025-12-24,Возврат товара,"Хочу вернуть товар, но не понимаю, как оформить возврат. Очень недоволен этой ситуацией.",Возвраты
964,2025-12-24,Ошибка оплаты,"Не могу оплатить заказ банковской картой, постоянно появляется ошибка. Это уже не первый раз.",Оплата
639,2025-12-25,Задержка доставки,"Заказ должен был приехать вчера, но курьер так и не приехал. Если вопрос не решится, больше у вас покупать не буду.",Доставка
320,2025-12-25,Адрес доставки,"Курьер сообщил, что не может найти мой адрес.",Доставка
513,2025-12-25,Долгое ожидание,Очень долго ждал ответа оператора. Прошу помочь разобраться.,Поддержка
965,2025-12-25,Двойное списание,"С карты дважды списали деньги за один заказ. Надеюсь, вопрос получится быстро решить.",Оплата
654,2025-12-27,Не начислены бонусы,За покупку не начислили обещанные бонусы. Это уже не первый раз.,Бонусная программа
390,2025-12-27,Повреждение,Заказ приехал с поврежденной упаковкой. Прошу срочно решить проблему.,Доставка
932,2025-12-27,Нет ответа,"Пишу в поддержку уже второй день, никто не отвечает.",Поддержка
97,2025-12-28,Возврат товара,"Хочу вернуть товар, но не понимаю, как оформить возврат.",Возвраты
698,2025-12-29,Задержка доставки,Жду заказ уже несколько дней дольше обещанного срока. Прошу помочь разобраться.,Доставка
53,2025-12-29,Нет ответа,"Пишу в поддержку уже второй день, никто не отвечает.",Поддержка
206,2025-12-29,Поврежденный товар,Товар приехал поврежденным и пользоваться им невозможно.,Качество товара
820,2025-12-30,Долгое ожидание,Очень долго ждал ответа оператора.,Поддержка
733,2025-12-31,Авторизация,"Не могу войти в приложение, постоянно выбрасывает на экран входа. Это уже не первый раз.",Мобильное приложение
894,2025-12-31,Документы,В документах к заказу указаны неверные данные.,Документы
